platinumid,ntabs,nconfsout
017_4DQE,313632,123204
01I_3MA3,4,4
09G_3UDY,1452,7213
002_2FV9,34992,10544
003_2JFZ,192,122
00J_2XIR,38880,24602
018_3H7W,36,319
020_3H82,36,306
022_3QJ5,13824,384
023_2WO9,11664,3433
024_2QBS,4320,1374
027_3PIX,6480,918
02Z_3RZB,12,42
0VM_4G16,288,3945
0VN_4G17,48,66
0WB_4G3F,36,988
0WC_4G3E,132,2736
0WE_4FS3,1440,706
0WH_4G31,880,4368
0WO_4EYB,4224,11423
0WT_4GEE,1056,334
0WW_4GG9,699840,7282
0WY_4GIY,1000000,7188
0X5_4GIH,64,35
0XE_4Q2V,240,128
0XF_4GFG,1620,876
0XS_4GLX,3,1
0XT_4GLW,1,1
0XU_4GQB,42768,13810
0XW_4H2H,44,11
0XZ_4GV1,3240,3087
0Y4_4GUB,1728,11539
0Y5_4GSY,25920,66607
0Y7_4HBM,25920,4931
0YB_4GFD,466560,55998
0YJ_4H1M,1536,139
0YN_4MHW,192,85
0YR_4H19,54,32
10N_4GU6,768,9888
15M_2F38,1000000,172709
16F_3MRV,6480,599
1NT_2NXG,157464,37904
1VM_4LAE,6,28
1YJ_4LY3,77760,140334
1Z8_4OZ3,12,2
15W_4HL5,4,1
10E_4H4D,1944,760
10G_4H4E,1944,1119
10P_3QTO,4224,27062
10U_2ZFT,1000000,32044
115_1HWI,15552,702
117_1HWK,777600,4538
11C_3PWS,432,203
11D_3AKN,1000000,73035
11G_4I6B,1485,24
11H_4NCE,45,3
11N_2ZEC,2640,1273
11P_2RAH,693,573
11U_2ZQ1,1000000,44387
11X_3FTV,12,6
11Y_4IBE,2816,4269
122_1GI4,16,5
12E_3MRT,6480,307
12I_4A7G,45,14
12M_2F62,16,3
12Z_3RKB,360,548
130_1GJ5,64,10
132_1GJ6,64,19
133_1GJ8,144,85
135_1GJA,32,48
136_1GJD,64,27
13A_2B1G,2970,134
13M_3VI8,5184,6572
13N_2XX5,1000000,3306
13P_1NEY,24,37
13Y_4HDC,466560,78635
140_1JPZ,1000000,86094
145_1JYV,540,250
149_1JZ5,45,13
14D_4HEJ,17280,30529
14I_3MB7,3,3
14Z_4HBW,240,63
152_1NDF,216,31
15H_4HF4,12960,7989
15I_3ZO2,675,111
15J_4HEU,19440,3694
15T_4IVD,3240,443
15V_4HGE,144,336
1BK_4HYU,43740,4319
1BS_4I10,2160,1931
1BU_3GCQ,9216,1961
1BW_4HZM,135,227
1BY_2I19,1134,1579
1C2_2F6T,1440,3183
1CA_3RY9,445500,32
1CH_4I11,2160,779
1CO_4I6W,108,54
1CQ_4KTL,300,85
1CY_4KNE,120,8
1D6_4IBG,154880,18028
1D8_4IBI,30976,24145
1DC_4L6Z,48,52
1DE_4IBK,15488,5687
1DF_4NG3,12,23
1DJ_4I7N,4,4
1DN_4LEK,6,120
1DR_3JPV,2,1
1DT_4I6Q,144,338
1EB_4LVD,16,8
1ED_4ICT,540,629
1EN_4IJV,225,138
1EO_4IJU,36,44
1EU_3FV5,288,144
1F1_3KFR,2,2
1F6_4INB,75168,108
1FE_4IDK,8,4
1FX_4ISF,9720,905
1FZ_4Q45,1000000,222864
1G4_4IPS,540,743
1G7_4IPW,540,1610
1GC_3PNC,1000000,235720
1GE_4ISH,21120,6259
1GG_4ISI,228096,16781
1GH_3ZYU,24,34
1GJ_4IVW,48,14
1GK_3MPT,192,901
1GP_4JEJ,54,44
1GR_4IV2,54,49
1GT_4IVY,324,89
1GU_4IW6,432,25
1GV_4IWC,3,3
1H2_4J0R,32,18
1H5_4J0Z,1080,6548
1H6_4J0Y,360,3353
1BL_4I0H,1000000,88235
1BM_2HK5,734832,8420
1BN_3PB9,4,5
1BR_4I4F,720,19
1H8_4J0P,360,2767
1HG_4J1K,1080,5727
1HJ_4J1H,1080,5150
1HM_4J1E,3240,10818
1HN_3NKT,2,2
1HQ_4J17,1080,6663
1HR_4J36,16,26
1HX_4ITJ,4,317
1IR_4P0N,108,83
1IU_4BXK,93312,22089
1J2_4IZY,72900,4666
1J3_4J52,1000000,94558
1J5_4IVA,360,86
1JC_4IWD,51840,90080
1JD_4IXC,864,2092
1JE_4J02,1620,67
1JF_4J04,12,90
1JG_4J06,12,94
1JH_4J08,128,257
1JR_4J93,176,55
1JS_4J3D,972,80169
1JT_4J3F,60,24
1K9_4JA8,256,540
1KG_4JCH,1000000,4025
1KO_4JIK,360,946
1KS_4JKV,4320,2074
1KX_3VRI,2376,197
1L6_4JIB,37584,890
1LF_4JNC,19440,5699
1LH_4B74,46656,2946
1LI_3IVH,466560,9367
1LR_4JPF,16,9
1LZ_4JMT,2,1
1M1_4JV8,60,29
1M2_4JMZ,6,1
1M5_4JP9,1980,130
1M6_4JPC,1980,320
1M7_4JPE,1980,46
1M8_4KIN,32,228
1M9_4JJS,51840,949
1MB_4JJU,192,406
1MJ_4JN0,2,1
1ML_4JMU,368640,4610
1MN_4JV7,1440,365
1MV_4LPG,126,236
1N3_3ULI,15552,3427
1N4_4JWY,192,62
1N5_3CXO,972,280
1N6_4JX7,1080,498
1NJ_4JZD,4608,3009
1NK_4JZE,576,3050
1NL_4JZF,1152,3678
1NQ_4JSR,29160,16413
1NR_4JT8,7290,1524
1NS_4JT9,6480,3475
1O1_4JU3,256,671
1O8_4K4J,30,86
1O9_4JY0,76032,16036
1OK_4JYU,2304,3380
1OO_4XV9,32,578
1OQ_4K2G,4,60
1OT_4K3N,144,31
1P6_3IOK,144,280
1P9_4K69,57024,5995
1PF_4JS8,16200,3704
1PL_2RDN,5324,9
1PS_1R4P,54,26
1Q8_4K9C,6,2
1QK_4KD1,38880,4305
1QP_4KFB,6,2
1QR_4KFN,960,2180
1QS_4KFO,64,505
1QT_4K8S,1000000,29068
1QV_4KAP,2,2
1R6_4KE1,1000000,25140
1R8_4KE0,1000000,19757
1RC_3K98,132,1897
1UN_3EL0,1000000,95499
1UP_4FU7,96,43
1UQ_4KP7,2304,1940
1RH_4KJU,33408,15649
1RK_4KJV,83520,13727
1RQ_4KKH,12960,4497
1RY_4K4I,1000000,258425
1S0_4K4G,1000000,249980
1S5_4OXK,2916,390
1S8_4KNR,384,2150
1S9_4KNX,576,2533
1SA_2HNC,2,3
1SB_3OVV,240,321
1SE_4KPX,192,1045
1SF_4KPZ,120,86
1SV_4KVI,2700,14
1T4_4KKY,4,3
1TM_4KTF,25,6
1U0_4KXY,248832,51670
1U1_4KZ3,6,6
1U2_4FUH,128,21
1U4_3FV4,839808,33296
1UR_4L09,4,2
1UT_4L0B,4,1
1UZ_4L0S,2,16
1V0_4L0T,4,2
1V1_4L0V,2,2
1V4_4L2G,2,2
1V5_4L7F,2160,272
1V6_4L2L,8,7
1V8_4L2K,22,2
1V9_4L70,144,117
1VA_4L7L,216,156
1VB_4L7N,96,138
1VD_4L7O,288,193
1VF_4L32,360,693
1VG_4L34,12,3
1VJ_4OYB,144,488
1VK_4OYI,4,13
1VN_4LAG,6,25
1VO_4LAH,6,11
1VV_4L7B,356400,16903
1VX_4L7D,356400,17458
1W2_4L7J,2970,1056
1WB_4NI8,6,4
1WD_4YW9,2,2
1WP_4LC7,7920,137
1WQ_4L6S,10800,1174
1X8_4LH7,4,4
1XA_4LR6,2,2
1XO_4LI6,192,242
1XP_4LI7,3240,26906
1Y6_5FP5,2,1
1YE_4QXO,20,15
1YF_4LY3,1000000,293230
1YM_4LP0,480,192
1YS_4LXA,311040,6385
1YT_4LXK,1000000,14793
1Z6_4OZ2,4,2
1ZC_4OYM,8,33
252_2Z4X,45927,5390
2G2_4P4B,1000000,241973
2R7_4OC0,23328,12408
2WP_4OJT,19008,4409
2L1_4NP2,360,78
2L3_4NMF,45,13
2LC_4NH8,5940,1709
2UX_4OP2,288,205
2V2_4OTQ,384,41
2V8_4OQ3,288,88
2VD_4PNU,17280,2760
201_2B0M,144,224
208_2GTK,1152,1083
20A_3D3P,1440,764
20B_4HLG,2,3
20D_4HLH,2,1
20K_4FKO,72,186
20N_4LVB,32,10
20O_4LVG,64,25
20P_4LVF,16,4
20R_4M6P,64,392
20U_4LWU,34848,9149
20Z_3RMF,96,965
210_4NKF,189,160
211_3H7C,1140,19
212_5DZ2,567,335
218_4MUU,96,52
21D_4LQ9,6,6
21L_3V9V,760320,67242
21N_3MS4,6480,564
21O_4AW1,1440,982
21U_2ZGB,6336,17793
21W_4MCB,6912,4129
21X_4MCC,96,135
227_2O8H,4050,5316
228_2ORO,52272,29147
22K_3OT3,120,38
22L_4MCD,4,1
22S_3MS7,6480,793
22U_2ZC9,4224,36141
237_2PR3,25344,74830
238_2PRH,64,16
239_4FUC,128,32
23C_2R9W,2112,5234
23R_3A40,1000000,4014
23T_2HHW,1000000,197816
23U_3DHK,6336,71201
23V_3MTB,6480,669
240_2Q59,3072,5845
243_3DSJ,1000000,45309
245_4O95,16,8
246_2QPM,32,71
24B_1QV6,4,2
24I_2C6C,31104,5632
24L_3V9Y,1000000,74679
24P_3FH5,792,547
24U_2ZI2,8448,7390
24Y_4MEP,216,33
258_2RAY,18,5
25E_3MTD,6480,323
25F_4BU7,2,2
25K_4MEN,36,54
25O_4MEQ,4,2
25Q_4P4C,12,8
25Z_3RPR,48,589
260_2RB0,4,2
261_3HU8,3,3
263_2RB2,12,6
264_2RBN,6,7
269_2RBS,36,12
26B_3DDS,576,333
26G_4MES,48,61
26K_4MBI,1296,71
26M_4MHO,3240,896
26O_3NC4,3240,1002
26R_4MI3,1620,111
26U_2ZIQ,25344,16256
26V_4MI6,12150,333
26W_4MI9,540,91
26Z_3RPV,96,894
274_2J7T,95040,66666
27D_4M7I,40,147
27H_4MG7,3828,193
27M_4MGC,1,2
27O_4MJP,240,77
27R_4MJQ,80,173
27U_2ZHQ,16896,36123
27Z_3RPY,24,173
281_2PJ9,31104,12594
287_2RG6,3456,3666
28C_4M7B,18,71
28F_4MB9,9504,4564
28M_4MIB,6336,8055
28P_3U9W,93312,3661
28Q_4MK8,4608,625
28R_4MK9,384,76
28V_4MKB,768,90
292_1VYW,80,241
29A_3ROC,1296,5181
29B_3ROC,25,6
29M_4MDD,2304,1632
29R_4CB6,419904,23067
2A8_3ZYA,174,22
2A9_2YEA,2,3
2AM_3AHW,1188,1533
2AN_2WOR,18,16
2AZ_2GM1,20736,2853
2B2_4M3B,108,23
2B4_4AJH,20,36
2B8_4P10,7290,197
2BG_4CXR,2,2
2BI_4IZ0,12,30
2BW_4MR8,1944,203
2BX_4MR9,180,38
2C0_4MS4,72,35
2C3_4MQ1,576,13597
2C6_4MSG,2880,2005
2C7_3DD8,68904,2024
2CB_4A31,38880,17693
2CG_2E4V,96,108
2CL_2IS7,20,7
2D1_4M3F,288,516
2D2_4MTA,4,2
2D4_2YE9,48,103
2D7_2BYH,144,495
2DD_2BYI,288,2209
2DK_4MUG,5760,3014
2DL_2XDL,36,45
2DQ_4MUI,768,697
2DX_4MTI,1000000,125241
2E3_3FUG,120,32
2E5_4MUY,1296,331
2E6_4MV0,648,546
2E7_4MV5,1296,672
2E9_4MW2,373248,12180
2EB_4MW4,15552,4505
2EK_4MWB,15552,4563
2EX_4N00,19800,101
2EY_4MYA,48,76
2F8_4N34,135,6
2FA_1PK9,198,70
2FD_1Z34,198,59
2FG_4MOQ,45,6
2FP_3ELF,3888,2960
2FT_3LA3,108,122
2FX_3KFS,10,14
2FZ_4P6G,16200,10389
2G1_4M3G,288,1018
2G4_4P4E,839808,56891
2G5_4P4I,373248,51793
2G6_4OI5,944784,18726
2GD_4N1T,12,9
2GE_4N1U,12,6
2GG_2UWD,300,79
2GP_1HYF,1188,1615
2GU_4N3R,360,250
2GY_4N4V,5280,1769
2H5_4MOR,45,6
2H8_4KS1,360,736
2HG_2YC0,144,122
2HJ_4N9D,1024,3358
2HN_4B6S,360,638
2HU_4N97,2,2
2HW_4N6Z,180,89
2HX_4N70,360,261
2IC_2ICA,23232,52110
2IW_4DVI,352,21
2J4_5FKY,990,16
2J7_4NBN,2628,2881
2J9_4N07,45,10
2JJ_4NF5,648,292
2JL_4NF6,2880,4648
2K7_4NKA,31104,29750
2K8_4NJH,60,16
2KA_4NJK,2,2
2KD_4NJ3,144,1155
2KF_4NGA,31104,19220
2KJ_4FVX,2592,737
2KN_4NCW,56,5
2KR_4P1R,72,126
2KS_4N8D,3240,108
2KU_2YEH,243,53
2KV_4N8E,5400,388
2LI_3IVI,466560,11161
2LJ_4NQD,17496,2815
2LK_4NR4,8,5
2LL_4NR5,25920,5798
2LN_4NR6,187920,11462
2LO_5BT3,25920,20317
2LQ_4PBT,12960,239
2LX_4NRB,30,69
2LY_4NRC,30,5
2M4_4G1R,2025,51
2M5_3OAZ,135,7
2M8_3ZX5,540,40
2M9_4NJ9,27,28
2N0_4PCE,240,11
2NJ_4PCI,116,18
2NK_4NUS,750,364
2NP_1F06,1296,289
2TZ_4OCC,466560,9212
2UN_2H02,1728,799
2UP_4FU8,8,2
2VH_4PNZ,3960,3149
2VL_4OTF,172800,103515
2VP_4POJ,30,108
2VQ_4MO8,96,419
2VZ_4PP3,30,88
2W0_4PP5,30,91
2W1_4PHW,960,1474
2W4_4PIV,19008,16914
2W8_4PR4,288,290
2W9_4PRR,96,149
2WB_4PRT,160,678
2WC_4CFU,540,429
2WF_4PTE,48,78
2WR_4PUU,12,25
2WS_4L4P,3375,144
2WU_4PUK,6,1
2WZ_4PX5,768,820
2X4_4PZW,29700,127
2X6_4PX6,1620,789
2XQ_4CAV,23328,21066
2XY_3F1O,3240,266
2YB_4PHU,513216,189770
2YC_4Q3A,42768,6020
2YF_4Q3B,58320,7104
2YJ_4Q3E,52488,4403
2YK_4PY1,192,184
2YO_4Q4P,4860,369
2YQ_4PJT,120,158
2YV_4Q8T,108,92
2YW_4Q8U,216,362
2YX_4Q8V,108,658
2YY_4Q8W,216,317
2ZL_4PKR,64,182
2ZM_4MSA,2,2
2ZV_4MRZ,4,3
3J9_4R5N,19800,83
3RJ_4WNP,2592,2309
3TC_2NOA,198,33
3TU_3NU0,76032,51947
302_2HXM,432,1526
30E_2XK7,2160,828
30H_4PKS,64,244
30L_4QBX,96,2552
30M_4QB3,2430,276
30X_3G8O,864,2136
311_3CH6,360,402
317_3C45,14256,40014
31A_4UFV,720,8135
31F_4BUT,4,2
31U_2ZNK,50688,20429
31V_4PMM,6912,2330
31Y_4PMT,12960,5022
31Z_4QGA,34560,45464
32B_4QGF,103680,75287
32C_4QGG,155520,79155
32F_4BUS,24,22
32K_4QG7,69120,54200
32U_2ZDA,33792,39504
32V_4PM0,132,85
32W_4BB4,11664,999
330_2IO6,396,248
332_3EBF,15660,661
333_2ORR,4224,177
334_1O3K,16,7
337_3CTQ,12288,5418
33E_4TKI,12,17
33H_4TLR,48600,6845
33M_4QJZ,6,6
33U_2ZO3,50688,72596
CE3_4PM5,38880,24742
3KH_4WCD,2,2
3KL_3W5Q,1000000,579
3LA_2WYC,139968,6402
3LJ_4R9J,270,40
3LL_4RCD,3960,4766
3LM_3AEO,124416,13669
3LN_4RCE,35640,773
3LO_4RCF,79200,2202
3LR_3CXO,108,64
3M0_4OWQ,2,2
3ML_3HF5,264,20
3MQ_3MQD,4,3
3N1_3N1V,20,14
3NF_3NFZ,24,16
3NG_3PE1,24,80
3NW_3NWW,839808,13903
3O3_3O31,186624,15241
3O5_4RFD,324,48
3OC_3DZL,60,14
3P1_3LDQ,7128,5272
3P2_4WIV,96,8
3P3_3P3C,12,8027
3P5_3PI5,12960,2242
3P6_4RFM,64800,35415
3PG_2WZB,72,100
3PJ_3PDJ,311040,4737
3PL_2XFO,24,4
3PV_4RGA,1000000,93892
3PW_4WKI,792,95
3PZ_3PZ1,8352,30692
3Q2_3QCX,60,58
3Q3_3QCY,480,623
3Q4_3QD0,720,218
3Q5_3QD3,180,154
3Q6_3QD4,180,368
3QA_4WKP,1000000,41224
3QB_4WH5,106920,13996
3QC_2FME,120,300
3QO_3QOA,4,4
3QP_4DBC,124416,17434
3QT_3QTI,8,42
3R2_4RIF,1000000,195239
3R7_4WMX,32,76
3R9_4NQ6,1452,68
3RF_4WNO,864,694
3RH_3RI1,30,7
3RM_3RM4,3240,1622
3RO_3W23,48,123
3RP_3RLP,2,9
3RQ_3RLQ,3,44
3RR_3RLR,3,46
3S3_4RL2,5760,18729
3SA_1XCW,1000000,40381
3SB_3OXT,288,254
3SE_3SDG,3240,1616
3SF_3SFI,9720,3433
3SH_4RLI,288,342
3SK_4RLF,2,2
3SQ_4WPD,2,1
3SW_4RMD,4860,2360
3T1_3T11,6960,735
3T5_3TC5,1000000,1376
3TJ_3TDJ,60,6
3TN_2P1T,120,53
3TO_3KN0,3456,1982
3TP_2HHA,3168,8047
3TW_4WRB,1944,82
3U1_4WRS,60,4709
3U5_4WSY,8,8
3U6_4WT6,264,1586
3U9_4CNH,16,169
3UE_4RPU,64800,10596
3UG_4WUQ,120,14
3UH_4RPQ,576,3522
3YT_4RX9,6480,1918
3YV_4RX7,6480,1934
3YX_4RX8,1620,1234
3Z2_4X7H,2304,3684
3Z3_4X7K,288,127
3ZA_4IGT,2592,1350
44O_4XU1,1000000,254159
44U_3DA9,7128,13342
44X_4XYF,1296,1069
454_3IGB,9900,32
455_2XBW,19008,171115
458_2B1V,12,9
45E_4X3T,2880,4368
45I_5AMD,576,5782
45K_4FKR,4356,173
45S_4YES,12672,14373
461_2WYG,25344,49599
467_4YTH,108,1530
469_3ZSH,2880,17802
46C_2ZDT,128,79
46G_4XMO,100,143
46K_4FKS,3168,1114
46M_1X1I,450,2
470_3PLZ,1000000,3218
472_3IN3,3300,134
474_2QTB,71280,38938
475_3CUV,180,45
476_4JZX,2268,543
477_3V8T,96,82
48W_4Y71,10208,102400
490_4XY2,384,1009
492_3FU5,4,3
499_4Y85,8,9
49A_1F8E,1620,772
49D_4Y86,4752,831
49G_4Y2J,432,80
49K_4Y2H,1728,70
49P_4Y2S,6,7
4A3_2HDR,2,2
4AA_1YFW,2,2
4AD_1X54,171072,125452
4AM_1F8C,1620,989
4B0_3RPS,18,6
4B2_4YBI,360,64
4B3_2QBQ,4320,3369
4BC_1YC1,2200,110
4BF_2AG6,24,9
4BG_3CHO,96,24
4BS_3CHR,432,65
478_3NU6,28512,103168
47D_2PDH,48,210
47N_4AK7,45,20
47W_4UMT,2160,9313
47X_5AV0,4,4
486_2W8Y,594000,220
48T_4AL1,1000000,64458
4BT_1D1X,1176,749
4BV_4YBT,14256,64831
4BX_3KAC,48,16
4BY_3KCE,2,2
4CC_4JN2,110592,21171
4CD_3K97,44,794
4CS_2VPN,120,8
4CT_3OZC,12672,4771
4D2_4CJP,85536,1948
4DC_4DCH,4752,3666
4DF_4YJO,3564,5517
4DJ_4YJR,5832,4223
4DK_4YJQ,11664,8807
4DL_4YJP,21384,10723
4DN_4YJS,64152,18698
4DS_4CLZ,666,737
4DZ_4YL0,2,51
4E5_4YMA,176,272
4E7_4YMB,1584,962
4E8_4V3X,46656,5064
4EJ_4YMJ,144,675
4EZ_4YO8,69984,1210
4F0_4YML,3168,597
4F4_4YOI,3072,4111
4F8_2XP7,6,3
4FF_2XP5,4,2
4FI_3KAI,96,210
4FZ_3A8A,16,3
4G2_2XP6,4,5
4G8_2XP9,768,1421
4GD_4YO6,144,134
4GZ_4YQD,87480,13933
4HF_2FMN,155520,148562
4HG_2G1M,12,14
4HP_2YYJ,10,6
4HV_4HVA,72,18728
4HW_4YTC,288,746
4HX_2HX4,114048,134316
4I5_5D7Q,87,8
4J8_4YXI,2,2
4JC_4YXO,4,3
4JE_4YXU,12,5
4JV_4YUZ,6,9
4JW_4YV0,240,229
4K0_4AOI,16,769
4K6_4YZU,432,18
4KB_4Z1K,360,1105
4KC_4Z1J,360,853
4KR_4KOR,1620,191
4L2_4Z6H,60,15
4L3_4Z6I,720,1244
4L6_4Z3V,2,2
4LC_4Z2B,4320,20998
4LN_4Z0K,540,20
4LO_4Z55,58320,86373
4LR_4ZAL,36,33
4LV_4ZA7,12,6
4LW_4ZAB,12,7
4M0_4OWS,2,2
4M1_4ZAE,432,75
4M7_4ZBF,6264,3657
4MA_4RLF,2,1
4ME_4B35,2,2
4O1_4Y76,81664,250698
4O6_4Y79,31680,41995
4OA_4Q0A,1000000,458
4OQ_4ZJI,2610,64
4OR_4ZJJ,34452,1253
4P0_4ZJS,2,2
4P6_4ZJT,360,43
4P7_4ZK1,360,35
4PS_3K9W,314928,45441
4PX_5C2H,108,8
4Q1_4ZON,712800,469
4Q3_4ZOM,152064,27680
4QO_4ZQN,768,490
4RG_3T55,24,24
4RU_4ZLY,1,1
4RV_4ZLZ,2,2
4RX_4ZSQ,30,184
4RY_4ZSR,9900,620
4RZ_4ZSP,900,413
4SP_2IW9,3240,3601
4SQ_4ZYB,3888,1526
4SS_4ZYC,12960,11726
4SV_5FP9,2,2
4SX_4Z6S,2,4
4T6_4ZY6,5184,5461
4T7_4ZXW,12,4
4TH_4ZYI,17280,8781
4TN_2P1U,360,102
4U8_4YL1,576,136
4MK_4MKC,58320,106618
4MS_3D5M,371712,28270
4NK_4ZFL,746496,28812
4NM_5AGY,4,2
4NP_4WOH,72,39
4NR_4CM4,4,1
4NY_4ZG6,96,5035
4O0_4ZG7,12672,37125
4UE_5BOY,24,10
4UN_2H04,4320,1168
4UP_4FUB,128,35
4V2_4ABQ,2,3
4V3_5BRH,8910,3666
4V5_5BRF,270,54
4V8_5BUE,480,3034
4V9_5BUI,120,190
4VB_5BUJ,120,172
4VE_5BVO,576,1925
4VF_5BVD,64800,10207
4VG_5BVE,125280,2608
4VJ_5BVF,91872,33256
4VR_5BWU,432,237
4VS_5BWT,4,2
4VT_5BWR,4,29
4VU_5BW2,4,4
4VW_4CJ5,85536,1170
4W4_5BWX,432,3183
4W6_5BWW,5280,1309
4WL_3ZNN,2,2
4XB_4B14,720,7361
4XF_5C3K,8,8
4XS_5C1W,2,1
4XU_5C2H,2592,16843
4XV_5C28,2,2
4XY_5C29,18,17
4Y0_4UWC,16,82
4Y2_5C2A,24,173
4Y5_5C4S,36,1170
4Y6_5C4T,1080,12496
4Y7_5C4U,36,1147
4YA_5C49,164025,554
4YQ_4C7J,72,128
4YX_5C8N,524880,6050
4ZH_5CAP,11664,4140
4ZJ_5CAQ,19440,1999
4ZK_5CBR,96,49
4ZQ_5CAS,233280,9030
559_4Z1S,348,54
55C_5CQG,32,50
55D_5CTW,12,7
55G_5CTX,16,8
55H_5CTY,4,4
55M_5CXH,132,3379
55V_3QLS,8,446
565_2IIV,8352,6491
566_4U0J,3960,579
569_3INH,13200,141
56D_4KIB,6,7
56H_5D1J,23040,9032
56M_5D25,384,280
56N_5D21,90,15
56R_5D1T,128,483
56W_5D2R,1000000,114539
56Y_5D3T,1536,1569
56Z_3S1H,192,736
570_1FM9,41472,18210
57D_3EBO,2,1
57F_5D3L,2304,650
57G_5D3H,3072,1335
57J_5CTB,2700,1606
57L_5CTE,35640,13820
57U_5D6P,192,55
57W_5D7C,432,255
57X_5D7D,24,8
57Y_5D7R,96,220
583_5D9L,25,6
585_3FQS,12960,7150
589_3OY1,291600,3455
58D_5DAQ,348,15
58J_5DAV,348,4
58K_5DAW,174,9
58L_5DAX,174,10
58X_5DF1,108,32
591_3S7L,6600,168
592_4AWQ,192,7134
593_3IND,264,2
594_4XTZ,1000000,318559
59D_5DE1,23040,49362
59E_5DFD,8352,509
59K_5DD9,3240,626
59T_5DEY,2160,219
59U_5DFP,19440,26216
5AD_4S27,66,30
5AE_4QD3,198,59
5AS_1RZY,9504,6350
5AV_5DH4,72,122
5AY_5DH5,648,4504
5B2_3E63,6,3
5B3_3E64,72,62
5JA_5E1S,1000000,57592
5JG_5E1E,1080,1893
5JM_5E2O,2304,1392
5JN_5E29,51840,13127
5L0_5E9V,240,63
5L8_5EAE,216,356
5LU_5EAG,864,354
5MM_3TU9,26244,4803
5MN_5EAM,2160,3845
5MO_5EAP,23760,3267
5MY_4O4E,116640,19364
5N2_5ECE,4320,42462
5B9_5DIQ,24,181
5BC_3NOA,1000000,51826
5BE_3NLB,120,766
5BJ_5DJP,4,4
5BO_3SIE,4320,7374
5BU_4P5A,1188,3164
5C1_4A6W,4,4
5C3_4BV5,1080,32
5CA_2Z0X,28512,49018
5CN_2I0Y,720,1911
5CU_4LAM,2,2
5CX_5E2S,16,4
5D0_5DKQ,1000000,15178
5DA_5DM4,124416,5614
5DE_1Y2E,72,10
5DR_3S9U,96,1766
5E5_5DHJ,2,2
5E6_5DIA,180,167
5EL_2YIG,256,13454
5FF_5DU4,5760,3238
5FK_5DU8,2880,5250
5FN_2WZI,990,14
5FU_2QCF,1188,2771
5FX_4BC5,36,25
5GP_3N1S,1188,2609
5GW_3V0M,171072,87106
5H5_5DXT,4176,292
5H7_5DWR,240,73
5H8_5DPE,419904,15985
5H9_5DPF,1000000,29967
5HA_3TPP,124416,20038
5HG_2G1A,324,202
5HI_3CCZ,559872,13985
5HY_3QVL,132,12
5ID_2VUW,198,68
5J9_5E13,4752,25428
5NE_5HMC,2,2
5NN_4UVZ,2,1
5NQ_5EGU,62208,5097
5NR_5EGS,1620,73
5NY_5EGM,10800,322
5OF_4YC0,20,12
5OU_5EIS,8,6
5P3_3NTY,12,13
5PK_5EK3,4455,224
5PP_4BNG,648,102
5QC_2FZZ,1000000,24150
5R1_2XK8,32,293
5RD_5EKH,1296,46
5RI_4C7T,144,1938
5RM_1XM6,396,109
5SP_3OVR,216,194
5SZ_5EYC,24,55
5T0_5EYR,71280,4644
5T1_5EYD,11664,2156
5T4_5EZG,5940,1062
5TB_5F04,71280,7254
5TE_5F0C,11880,1678
5TO_5F1J,2178,107
5TZ_5F2S,4,4
5U1_4UCT,2,2
5U8_5F3C,2592,913
5UD_4PB2,198,68
5UF_5F2N,8748,885
5UM_3R17,80,368
5UN_3R16,80,189
5V2_4UIY,1440,808
5V3_5F5C,72,86
5V7_5F32,1,3
5VO_5F6R,864,227
5W4_5FBX,88,85
5WF_5FBN,17280,8317
5WS_5FE9,8,10
5WT_5FE8,4,4
5WU_5FE7,90,5
5WW_4UVO,4,1
5WX_5FE3,1,1
5WY_5FE4,30,4
5WZ_5FE6,60,15
5X0_5FDZ,1440,2853
5XD_5FFY,8,79
5XE_5FG6,6,94
5XF_5FG5,132,389
5Y0_4AN3,216,149
5Y3_5H8E,10368,20722
5Y4_5H8G,62208,39545
5Y6_5HBE,29040,763
5Z5_2JAV,132,114
610_3OE4,7128,28926
663_2P3U,256,3097
680_1TX2,4,7
605_3D4L,576,639
609_2ZV2,2,2
60K_4FKU,1584,716
611_3OE5,19008,35434
61E_3BIZ,3564,1246
62D_3TLL,108,9
62K_4FKW,14256,3940
62V_5HM0,116,12
62W_5HKO,243,82
637_3NW9,21384,36133
642_3EWJ,8448,10115
643_3FXV,768,1948
646_2YND,1440,7910
64U_3DUX,95040,48105
651_4EA0,24,10
655_1O2I,352,1006
656_1O2K,144,81
65B_3MEC,48,1793
662_3NWE,192456,91676
66T_4WUN,17280,30435
675_4FU9,64,14
676_4BZO,3240,4084
677_3HAB,60,18
683_4GKM,36,61
689_1ZKY,12,8
6NX_5AKZ,15,5
6OD_4I25,4,4
6OH_4I2R,4,5
6P3_4I8X,4,2
6PG_3Q7I,1944,1299
6PN_4BNH,1944,232
6PR_2H3E,864,1788
6QM_2YI6,600,94
6SC_2R3R,72,61
6T9_4J0T,2160,1441
6TZ_5ALV,2,2
6UI_4USF,50,28
6UP_4FUD,8,2
6X1_3KVK,32,22
6XC_5A5Q,90,36
6XE_3ZBX,8,28
6Z1_5A7P,32,32
701_2JH0,31680,71159
705_3HVJ,192456,96769
706_3EFL,264,1996
709_1ZSJ,192,130
711_1QBO,1920,5347
714_3EFQ,551124,25863
715_1X70,4320,17612
721_3DYH,6804,1265
723_3LPT,40,36
735_2P54,768,1624
73B_4BJX,2160,2368
743_3QSB,87480,36076
746_4Y95,138240,13599
751_4ANV,17280,8800
75D_4NNS,12,5
762_1O2N,64,16
76D_4NNT,24,4
76E_5APK,928,1505
770_2Z2W,88,139
775_5BWV,72,594
778_1S63,2880,21662
77F_3SAA,155520,25075
783_1O2T,128,33
7MC_3R9G,1000000,345789
7MD_3TLC,1000000,241954
7MN_3PR2,1000000,9145
7MR_2OW1,1728,166
7NH_2FLR,64,264
7PP_3NMQ,48,3104
7QN_5FQT,4320,657
786_3O64,152064,237394
78H_2Y5S,1080,574
78J_5A81,12150,2793
78M_4AFK,1000000,103360
78P_3KJD,88,38
796_2GU8,864,1572
798_3FUN,19008,5210
79M_4UYO,1000000,157248
79Z_4TLR,192,271
7AH_4CGN,1200,1748
7CE_4C4F,36,176
7DE_1Y2K,144,53
7F5_4D32,46656,6450
7HV_4FPL,648,310
7I1_4B11,720,6102
7I2_1FOJ,6,16
7IG_2IKO,96,56
7IP_2OHQ,288,303
7KW_4C3F,300,220
7L5_4UWJ,12960,15352
7RA_1L5M,1188,2235
7RP_1L5L,1188,2080
7SB_4CL6,216,161
7TJ_4V26,3072,1556
7UZ_4CIB,1350,271
7WH_5A7O,288,76
7X1_2VWU,320760,13932
7X2_2VWW,3168,2224
7X3_2VWV,288,3026
7X4_2VWX,3168,2843
7X5_2VWY,3168,2783
7X6_2VWZ,12672,6551
7X7_2VX0,47520,6239
7X8_2VX1,3168,2066
7XY_2OZ5,20736,72297
7YG_4ACC,2304,3553
8T3_4BFD,360,1363
8V1_5AK0,5632,6717
8XQ_4JHT,2,2
8Y6_2YOJ,32,261
905_1YGC,55296,8976
907_1O3I,16,5
910_2QBR,576,497
916_4EXG,349920,7386
919_3QRJ,12288,2848
91B_4ABG,60,22
91F_4BUA,8,2
920_4KSG,792,400
928_3EJ2,6,9
92P_3ZLS,2,2
930_2Y82,7744,34410
937_2YAC,388800,39617
93G_4CB5,48,134
94M_3O6O,16,37
951_3KVM,864,1110
956_3L5T,720,1941
957_4I0I,46656,6252
985_3F2A,464,2340
987_4Y7A,5280,63309
988_3G58,32,19
98P_3QWC,6336,31410
990_4U93,60,413
991_1O2Q,352,1104
993_2P3T,1536,4264
994_2P2H,576,2629
996_4EWO,174960,2570
99P_3P17,4224,26780
99T_4IJI,248832,43144
9AM_1F8D,1620,886
9B6_4BW4,144,52
9BD_3H9O,486,86
9DX_3FVN,11880,689
9F9_4UYE,180,249
9FK_4BF1,36,28
9GP_3G2J,90,15
9HL_4D37,15552,3054
9JZ_3HL5,380160,92433
9KQ_4BNU,12,1
9MJ_4UCS,12,6
9NS_4CED,1000000,279643
9OD_3BFB,1944,552
9PA_4CJL,1000000,4816
9PC_4DXD,12,122
9RA_4K6I,240,50
9UN_4B7P,1440,20327
9UP_4FUG,32,7
9VU_4BQH,2904,465
9W7_4D43,72,95
9X3_4UCP,2160,120
9ZE_4LM3,30,4
BHZ_3MVX,221184,63023
BLR_4I3B,1000000,62688
BSI_1I76,1440,4219
BXQ_4D88,933120,10320
BZ5_4B6Q,180,735
BK5_3SXF,144,19
BK6_3T3U,720,1050
BL0_3BL0,36,26
BL2_4IK2,108,26
BL4_3BZ7,660,15
B01_3SHC,4224,38495
B03_3SI3,4224,27330
B08_2E99,4536,1498
B0D_3IJ8,45,5
B0T_4CEE,1000000,111893
B21_2Q93,4,5
B28_2E9A,4536,902
B29_2E98,504,242
B2D_3I5N,24,261
B2K_3B25,6,4
B2L_3B26,30,6
B2Z_5AE1,24,88
B32_3HA7,1000000,213605
B37_3TVU,720,1584
B3N_4BZ7,2916,356
B3P_3WIJ,583740,1073
B3Z_4B82,9072,682
B40_3GKZ,36,3
B43_3GEN,4224,800
B46_3G7E,3240,35531
B52_3H21,8,7
B59_3H2E,1,1
B5A_3UPZ,90,38
B5R_3B5R,432,5015
B7G_2B50,32805,402
B7H_5ALY,22,53
B7I_5DKN,52650,3391
B84_3IMX,142560,76444
B85_3IP8,12,7
B86_3IPX,198,55
B90_3KF4,288,525
B91_3KFA,1152,1170
B96_3FZS,622080,27719
B98_3FZ1,174,8
BAB_1C1T,136,108
BAU_3P0F,432,139
BAV_3DV5,1000000,63463
BAX_3WZE,768,285
BB2_3UWB,288684,126837
BBE_4B5B,32,41
BMU_3O8T,128,10
BMZ_1GI1,16,7
BN1_1M5B,288,165
BNE_1MZC,104400,48002
BNF_1U3U,8,6
BNK_4QR4,132,810
BNL_3GZX,6,2
BO1_2HL4,540,43
BOW_3IBI,4374,413
BP2_1N24,216,146
BP5_2PXH,48,25
BP6_1LKD,2,1
BPG_1QHI,648,220
BPQ_3BLL,36,36
BPS_2DE4,8,6
BPY_1KW6,4,2
BPZ_2ZKC,225,9
BQM_3BQM,17280,1061
BQN_3BQN,103680,9277
BR6_3A8B,96,9
BRE_1D3G,96,68
BRL_1ZGY,28512,1852
BRN_3HIG,13824,319
BRQ_2IZS,48,480
BRR_1RL4,1296,346
BS5_3RUX,1000000,268216
BSM_3OWB,300,89
BSO_3WYP,39204,184
BST_1WN6,1000000,217366
BT5_1WQW,1000000,294872
BTI_3TW6,39204,48
BTM_3KB9,672,8
BTN_2F01,39204,119
BTU_3UEQ,4455,1762
BU6_4BVD,1080,2734
BUR_4XNV,1728,370
BV5_4BVC,19440,8944
BV7_4BV7,540,50
BWG_3ZL2,810,331
BX4_5E2K,12,15
BXB_3INJ,176,70
BXD_4D8C,1000000,24935
BYA_3FGD,72,46
BYE_3K3H,216,51
BYT_4M6V,1000000,11570
BZ3_3IMC,2,1
BZ8_2YI7,150,53
BZ9_3DA6,288,742
BZE_4KBE,2,1
BZS_4DUK,288,150
BZY_4MTB,4608,2678
CDC_3HL4,1000000,152683
C02_1KTT,512,408
C03_2P4Y,1536,3672
C0M_2O0U,194400,106189
C0P_2XHR,1620,2332
C14_5AX0,88938,1102
C1E_2RHT,8,7
C1L_3UI7,720,34
C27_2VA7,6480,2159
C2F_4O1E,77760,124474
C2R_2NSL,2376,5097
C2T_4BHG,1296,87
C2U_3GUG,2,2
C3B_3BD8,270,11
C3D_2OUZ,71280,3079
C3M_2C8Y,864,3753
C3O_2HAS,1000000,12352
C3S_2HKA,1000000,4663
CB3_2FTO,13824,212887
CB6_2Y71,720,2738
CBC_2ABJ,144,135
CBK_4DOE,2025,50
CBO_2BEL,1000000,3285
CBW_2W4Q,1000000,66
CC5_2I2B,66,21
CCK_3AT4,2160,984
CCT_2D3U,24,4899
CCU_2F7A,3,3
CCW_5AGL,5832,1130
CDJ_4UVN,2,1
CDP_4C81,42768,42236
CDT_1UF5,144,143
CDV_1UF7,12,14
CDY_1QYE,198,39
C44_2VIJ,1000000,111406
C4M_2C93,864,2301
C5A_2E4W,88,42
C5G_1TZF,1000000,296392
C5M_2C8X,62208,14243
C5P_1QF9,1188,2273
C6T_4RT3,1000000,205140
C72_3PA4,360,896
C73_3PA5,120,1568
C88_3V5P,360,514
C93_3WXC,180,140
C9A_3PHE,4320,33867
C9M_4EVI,54,13
CA0_3VER,7128,11271
CA4_2OZ7,891000,65
CAK_2GRU,270,49
CEB_6PRC,648,355
CEI_4MRY,640,656
CEK_3LMP,31680,5717
CEZ_4ZLF,14580,560
CF1_3HP9,36,64
CF4_2VKG,162,114
CFI_3UXL,36,4
CG4_4PV0,384,3300
CG9_4PUZ,720,739
CGC_4ZLI,2700,68
CGP_3RID,1000000,231052
CGS_2W0D,384,481
CH8_4ALJ,12,7
CHQ_1W1T,1980,71
CII_2W0A,1080,241
CIO_1XLX,5280,2857
CIR_4JQO,324,132
CJB_3BCS,270,11
CJC_4GGL,3168,2363
CK7_2WEV,48,308
CL6_2XFH,270,27
CL9_2ZIA,198,62
CLM_1USQ,216,97
CLR_1LRI,1000000,325
CLY_3JZ0,106920,23440
CMF_2BRK,86400,1937
CMG_1H1P,135,60
CMP_2PTM,990,62
CMW_2W0B,1728,3985
CNQ_4TJU,4,2
CNU_3EWZ,1188,4129
COC_2AJV,6,11
COX_2AW1,50,19
CP6_4KM0,8,4
CP7_2BLC,8,3
CP8_1UTT,2640,732
CPA_1TQ9,1000000,230243
CPB_4O71,60,288
CPF_4BVV,540,104
CPJ_2A3W,14175,1310
CPW_1SYH,264,92
CPZ_1SUO,2,1
CQ0_3S3I,32,19
CQ8_4ZZN,810,442
CQU_3CQU,36,111
CQW_3CQW,45,48
CR3_1O2H,352,918
CR9_1O2R,480,228
CRB_1NR5,540,42
CRZ_1TOW,72,23
CS5_3L58,1000000,141017
CTC_3EGZ,162000,240
CTE_2X68,48,44
CTM_3FEJ,3456,2445
CTP_2XWL,1000000,271285
CV7_4UDD,1000000,387
CVD_4AMJ,8748,7903
CVI_3VW1,14040,28
CWC_5AIS,864,138
CWD_3RTF,24,20
CWU_4CHQ,5808,424
CX4_3HMP,9,10
CX9_2YBU,36,42
CXA_4IAV,48,36
CXS_2VXV,14580,366
CXW_3TYN,171072,10742
CXX_2QEI,4698,46
CY9_3EKS,655380,375
CYZ_3TKD,135,276
CZE_5DQF,466560,10687
CZM_1J3F,21,343
D9H_3MMF,1296,812
D9Z_3DCC,4,6
DA3_3DAP,1584,435
DDS_3PO4,1000000,225431
DE3_3N7H,36,17
DEB_1Z8O,366006,2618
DEE_1Y2B,12,3
DEG_1TR7,1215,43
DEO_1ROS,684288,17844
DEQ_3ARP,39609,8075
DES_1S9P,171,9
DEX_3MNO,594000,46
DEZ_2BET,216,196
DF6_3VW8,2880,6888
DF9_3DF9,25344,11217
DFB_1QV7,4,2
DFW_2BRH,150,92
DG2_2XJF,432,598
DG3_4F4K,1000000,220589
DG7_3PG3,331776,3645
DGI_3H2Y,42768,37477
DGJ_4DO5,45,8
DGL_2DWU,144,101
DGP_2JAO,1188,2014
DGT_4QFZ,1000000,256446
DGU_3QPE,216,115
DH1_3F8Y,10368,4203
DH2_1GP5,60,55
DHB_4J0I,2,2
DA7_1DL8,324,57
DAH_3TEG,24,16
DAN_2VK6,1620,1163
DAT_3IIM,42768,38095
DAU_1R6D,1000000,257830
DB4_4MXP,1000000,108503
DB8_4MXO,14580,48788
DBE_2VKU,10,6
DBH_3SAO,2,2
DBJ_3VQP,60,2
DBS_3CBC,24,19
DC8_2Q70,660,47
DCB_4A3H,48600,2291
DCF_2PGR,11484,79
DCM_1B5E,1188,1788
DCO_1JQN,72,54
DCT_4BWM,1000000,216342
DCX_2Z5Y,39366,1156
DCZ_1P60,198,43
DD2_3BL9,3240,3394
DDN_1VQ2,11880,2576
DTC_4CET,2025,113
DWF_4MXC,110592,76718
DWN_4E32,1000000,264168
DX1_3JQ6,4,2
DX7_3JQD,2,8
DXC_1OS6,1000000,468
DXG_1ECQ,432,312
DXL_3OZY,144,142
DXW_3TYO,85536,7937
DXZ_4EW3,248832,23129
DYH_3GBA,71280,719
DZ4_4O3O,1000000,254577
DZ9_3HFJ,8,30
DZL_4C7K,176,441
DZO_3E7V,48,190
DZY_4KAN,20,14
DTP_4QFX,1000000,261467
DTQ_3NYV,12,79
DTY_1OF6,24,8
DU4_3T70,71280,6329
DUD_2HR6,42768,33987
DUN_4DKB,42768,32342
DUP_3HZA,1000000,242616
DUQ_2Y8C,459270,4663
DUR_2I7D,198,43
DUT_4QG0,1000000,251239
DW0_2YBT,21,27
DWA_4FRI,4400,572
DWB_4FRJ,2640,459
DWD_4FRK,35640,926
E1B_3PE2,24,584
E04_1ZQ5,74250,89
E12_1H23,1000000,276239
E1S_3TT4,864,747
E20_4EY7,17820,2041
E23_4YSX,576,115
E2Z_4D34,15552,2078
E34_4K8T,6,2
E37_4EFS,1728,973
E3P_3TVC,15552,1956
E41_3ZXH,864,570
E42_5CBS,144,171
E49_3S9T,864,873
E4F_4CJ3,156816,16398
E5G_3VMP,10935,210
E5S_3WCJ,528,9076
E9P_4ALK,24,10
EA2_2I6K,648,210
EA4_3RDD,144,173
EAM_5DFC,2088,563
EAT_4J28,44,17
EBI_3I81,12672,41767
EBP_1QW7,252,18
ECA_2XV1,288,32340
ED7_3E33,6912,88975
ED9_3WGP,1000000,25067
EDT_3RNJ,329238,17408
EDU_4OQN,198,100
EEA_3LIL,746496,108999
EED_2QGT,66825,13
EEG_3LIK,373248,53210
EF2_4V2Y,330,23
EFP_3IG7,1440,659
EFQ_3IGG,1440,343
EFT_4EFT,270,214
EFU_4EFU,64,369
EG8_4D30,46656,4516
EGR_4JUI,6,2
EHM_2HXT,18,12
EI1_2QAB,24,5
EIN_1ZS0,864,486
EJZ_3MHU,8,11
EK5_4FV2,4400,4825
EKB_3JVX,16,656
EM6_5FJK,4,2
EMF_2QZZ,12,40
EMU_3T4K,6,23
ENL_3H61,16,23
ENM_2PNU,1000000,767
ENO_3UKJ,20,26
FC3_2EVC,12,5
FCD_3IU7,4,4
FCF_3FCF,432,2338
FCM_4F9M,126720,7474
FCW_5ALD,330,12
FDM_1NMX,1188,1711
FDP_2QVU,10692,11515
FDU_4OQM,198,140
FEF_2VZ6,19602,484
FER_1UWC,4,9
FF3_2EU3,18,15
FFO_1WOP,155520,181072
FG2_3IUB,48,26
FG7_3QIH,6,2
FGH_4O07,243000,287
FHA_3TFS,1000000,268934
FHG_4DOA,1000000,278128
FHN_2WVT,90,21
FI4_3FI4,162,1277
FID_2AGT,330,57
FIH_2D3Z,16,96
FII_2IEJ,629856,38973
FIP_1FUY,216,302
FJ2_4LWE,200,66
FJ3_4LWF,4,2
FJ4_4LWG,40,48
FJ5_4LWH,72000,9479
FJZ_3MDM,5400,686
FK9_4AVH,58320,760
FKL_3FKL,360,633
FKN_3FKN,36,1288
FKS_4ZUM,236196,1285
FLC_3M1X,288,289
FLN_4HKI,2,1
FLP_2AYL,32,16
FLY_3FLY,162,140
FM0_3QT7,69984,23947
FM6_3ZHX,2592,2907
FMC_3BL6,66,69
FMN_2ABB,972,632
FMO_4U2Z,2025,56
FMV_3TKC,118800,2803
FNN_3VGN,6,4
FNT_4BQY,8,13
FNU_3SSJ,1188,2526
FO5_3TP0,1440,4725
FOL_1PJ6,3456,2352
FOM_4OOE,216,137
FOO_2J9Y,576,639
FOT_3W1A,2,2
FP0_3FP0,90,20
FPM_3BFF,13068,192
FPP_4H8E,944784,39311
FPQ_3VK5,944784,33417
FPS_3VKB,1000000,78740
FPW_3TUC,192,9023
FR8_1QXL,139968,10333
FRG_1M48,1080,73671
FRX_2IEI,1080,274
FSA_3DJE,4320,243
FSK_4JBY,54,8
FSN_1OYT,170368,1383
FT1_3AM4,18,16
FT6_2NW9,48,46
FTP_1G4T,576,1809
FU5_3R4N,162,113
FU9_3R0T,144,406
FUA_1Q23,1000000,641
FUD_3VNK,108,48
FUN_2XN5,36,233
FVQ_4AV4,135,808
FWD_4U21,24,21
FWF_4U21,62640,10201
FXI_2Q1J,82944,19862
FXY_1U3W,243,68
FY8_5AOM,180,97
FYA_1B7Y,128304,117953
FYI_3IN8,839808,71860
FYM_4CJR,1000000,22784
FYQ_3IMD,839808,97141
FYU_5C3S,2,1
HIE_4NH7,24300,232
HIO_4XDY,4,2
HIS_4OHN,48,33
HKA_4AC4,24,19
HKY_4BVW,30,7
HL0_3QP8,24057,4440
HL6_3QP1,297,251
HLD_3VP6,3,3
HLW_4V3Y,46656,5181
HM2_2G6P,36,234
HM4_2NQ6,48,31
HM5_2NQ7,48,32
HMH_2F2G,4,2
HMN_1F73,8748,3957
HN2_3EJP,3960,182
HN3_3EJQ,3960,197
HN4_3EJR,15840,303
HN5_3EJS,11880,190
HNR_4ARW,144,47
HNV_4ATT,270,913
HNW_4AUJ,90,442
HPI_1U4G,746496,27230
HPK_2PUH,48,73
HPP_3GGP,24,13
HPT_1E2M,36,9
HPZ_2PUJ,8,13
HQ2_3RVH,60,47
HQ6_2W66,87,85
HQ9_3ZDS,720,40
HR1_2Q6C,279936,1564
HR2_2Q6B,1000000,4259
HRC_4JWL,8,8
HRD_3RR4,36,4
HRM_2Z5X,2,1
HRO_3W1L,2,2
HSX_4L51,198,295
HT1_403D,720,8133
HTC_1XGJ,24,179
HTD_3AHG,641520,18937
HTF_3QP2,2673,1130
HTG_3WU2,174960,1156
HTJ_3O84,16,4
HTL_3AHD,41472,25987
HUL_4XH6,4,1
HUX_1E66,3,3
HW1_4UGW,128304,20101
HW8_4CX5,128304,16807
HW9_4CX1,128304,17973
HXB_3M8S,1000000,198281
HXX_3GL0,4,4
HXY_4URX,132,10
HXZ_3M8R,1000000,244563
HY0_3W0O,1000000,18571
HY7_4ALW,180,90
IJ4_4FQ4,648,229
IJZ_3MJY,2,2
IK1_3ZON,8,3
IK2_2YKV,10368,2876
IK8_1Z6E,3456,420
IKY_4A6V,12,4
ILD_3RGA,1000000,56602
IM5_4EB8,792,163
IM6_3VW6,192,8
IM9_2VV9,17280,3988
IMA_1LPG,36864,4821
IMJ_3OIG,960,329
IMN_4JQ4,80,199
IMO_1P9B,14256,52993
IMP_2XSQ,1188,2543
IMQ_3EPX,792,149
IMV_4CHP,3872,205
IN5_4ITX,15552,4239
INE_1D0O,6,6
ING_1UF8,24,17
INI_4GQN,5832,2253
INN_3EDZ,8748,4227
INR_1V0O,242,36
IOP_4EJK,48,31
IP7_2OHU,216,6041
IPD_3IKP,90,36
IPE_4NKE,3888,982
IPL_1QOP,216,267
IPM_3VMK,144,74
IPT_1PX4,720,28
IPZ_1QY2,2,2
IQB_3FMD,15552,5933
IR5_4IR5,256,176
IR6_4IR6,192,96
IRG_4DLI,12,2
IRN_4S25,1188,1201
ISA_1ALW,24,14
ISC_3TG2,2880,956
ISJ_3UML,2880,809
ISX_2BVD,2025,1146
IT5_3P5L,120,186
ITA_2NVC,528,3907
ITB_2NVD,88,224
ITE_3S1G,6,2
ITP_4AVX,540,131
IVK_2XC4,114048,163362
IVL_4BG1,2376,82
IVU_4D3M,3456,14150
IW3_3IMT,4,1
IWD_3T96,24,23
IWH_4UCS,16,45
IX6_3HKW,1000000,16001
IXE_4IXE,4,4
IXF_4QHV,8,4
IXG_4IXG,4,4
IXH_3BEA,23760,13201
IXV_3WZ8,2304,639
IXX_2Q72,4698,22
IXY_3WZ7,414720,8540
IYP_4MU4,216,180
IYR_2ZP1,24,18
IYZ_2C3I,432,144
IZ9_4CM8,4,40
IZN_4ALX,445500,26
IZZ_3F2N,648,205
JMQ_3EPW,792,187
JMS_3R6I,12,15
JMZ_3NUN,2,2
JN3_4QE6,1000000,473
JNS_4CJU,176,15
JP2_3PX8,2,2
JPC_1YVZ,128,106
JPJ_2OOS,108,73
JPS_2XDA,1080,37
JQ1_3S92,4176,336
JR2_4CLE,66,5
JR9_4R3M,6336,664
JRB_4UCN,45,5
JRR_3NLE,256608,20571
JUO_4CLD,45,17
JUS_4BNN,1458,1857
JVE_4UZH,1800,36
JWS_3PXZ,4,3
JWT_4B4M,32,19
JXM_4UWH,64800,2032
JYI_4JYI,480,1922
JYM_4CFN,135,85
JZ4_3HTB,12,4
JZ8_3I65,12,37
JZB_3INW,1000000,6150
JZC_3INX,1000000,5670
JZG_3O5X,7200,917
JZH_3JY9,90,6
JZI_3JYJ,144,169
JZJ_3K3I,120,199
KOT_3G2H,540,19
KOV_4KOV,116640,19240
KP2_4CM3,4,1
KQ7_3KQ7,1000000,345305
KQQ_4PNI,38880,43021
KQS_5ADZ,48,484
KR1_3LAK,32,5214
KRC_3B1M,126720,6496
KRG_3SVH,24,9
KRH_4B1F,96,196
KRW_3ZXZ,48,55
KS1_4QMW,264,109
KSF_2ZM1,72,77
KTJ_4KTJ,4,2
KTK_4KTK,25,14
KTZ_4CME,150,10
KXB_3SWW,4752,206
KXU_4UVI,768,1602
KYD_5FPN,4,2
KZ9_2X7C,1800,37
KZI_3AC1,3240,1272
L0B_4AFH,12960,4448
L0Y_4CJS,1000000,37885
L15_2UW4,24,4
L1C_2W3I,12672,102523
L1D_2W3K,16896,70694
L1O_2VIO,36,8
L1X_4EEV,864,4389
L20_2JDS,1296,2637
L21_2W6Z,12,7
L22_2W70,2,2
L23_2W71,16,55
L26_5D24,1536,1466
L28_5D26,768,573
L33_5D3J,1536,706
L39_4F4B,1000000,3238
L3A_3S2J,3888,569
L3G_2C0T,259200,77498
L40_5D3N,512,225
L41_3D5F,46656,12679
L46_4LZS,32,14
L4G_2AYR,103680,23289
L5G_3CD8,24,148
L5S_4C67,116,10
L5V_4CC5,6,3
L5Z_4D38,15552,3488
L63_4FW7,72,353
L66_4GK2,24,23
L6G_4RN0,1000000,23530
L7G_4RN2,1000000,16595
L81_2XJJ,242,190
L87_4GK3,72,22
L8G_4RN1,1000000,20503
L8I_3M2W,1350,48
L9G_3KF7,96,331
L9L_3L9L,7128,7012
LA1_1XUO,25056,75904
LA3_3LJT,39204,111888
LA7_4CUR,4,2
LAE_2Q0O,14256,2893
LAG_1U30,91125,61235
LAH_4ZEK,540,56
LAQ_3A7R,1000000,326317
LAR_3SJH,1000000,1107
LB2_4R2F,2025,42
LBP_3LVV,17496,4840
LBS_4FFG,88209,3212
LBY_2ZIN,2916,343
LC1_3FFP,4,11
LCM_5A1J,135,2122
LD1_3VHV,1800,184
LDE_3S2L,139968,9515
LDN_3Q4U,360,1156
LDP_4DTZ,6,3
LEC_3LM1,180,45
LEL_4URA,4,4
LEV_3WZD,96,340
LEW_3G2L,540,62
LF0_4ID1,1440,202
LF2_4GVM,96,12
LFC_2HXU,108,64
LFR_2CGL,99,16
LG0_3CS7,1710720,6296
LG7_2IHQ,484,85
LGB_3G0W,2178,269
LGJ_3KQB,1152,900
LGK_3KQC,25920,6478
LGM_3KQE,760320,29418
LGW_3NW6,38016,31822
LMU_4RYN,1000000,41776
LMZ_1NQV,8748,1289
LNR_4Y4J,12,4
LOC_4O2B,116,70
LOG_4AZ7,45,66
LQ5_5A14,138240,54367
LQT_5A3N,13824,1900
LRG_4L96,288,501
LRH_2UYT,33,5
LRO_3W1U,48,65
LRY_4UTU,972,892
LS1_1KE5,1584,352
LS2_1KE6,4752,1414
LS4_1KE8,3168,3406
LI8_1Z5M,769824,293371
LIA_2FVD,180,2231
LID_2GTM,144,399
LIF_1YWN,800,290
LIK_2HLV,34992,1415
LK2_2JFF,31104,7813
LKG_3CCN,8,9
LL1_3DNE,4,2
LL3_3Q0U,3600,2610
LL5_3Q0W,2160,1133
LLG_3BC4,180,80
LLH_2PP1,72,73
LLX_3MAX,48,65
LM2_1U33,273375,67880
LM3_4F9Y,150,20
LM4_4F9W,150,25
LMM_4C61,2592,1686
LMS_4INJ,1188,1926
LS5_4FKP,1584,2027
LSJ_4LSJ,4176,96
LSS_3ZIU,85536,60145
LSX_3WQR,432,156
LT6_3LKH,23328,12864
LTL_1I05,144,34
LTM_2XM1,45,50
LTS_4LTS,288,19978
LTT_2NO9,198,31
LU2_4DGN,2,4
LUN_3QUP,130680,4337
LUR_4OTY,120,220
LVA_3HLG,1000000,77586
LWS_5AM0,44,15
LWW_4LWW,64,352
LX0_3HF6,3456,2300
LX1_1XBZ,162,116
LXP_1Q6Q,486,244
LY0_3LY0,432,148
LY2_4CFK,360,34
LY4_1UU3,1000000,514
LY7_3KGC,864,1869
LYN_3A74,162,33
LZ0_2VUD,1080,230
LZ2_2VTH,3,3
LZ3_2VTI,16,10
LZ4_2VTJ,24,69
LZ5_2VTL,8,4
LZ7_2VTN,16,10
LZ8_2VTO,32,9
LZ9_2VTP,32,13
LZA_2VTQ,120,1872
LZB_2VTR,18,11
LZC_2VTS,1620,404
LZD_2VTT,120,2183
LZE_2VU3,120,1990
LZF_2VVC,19008,105761
LZG_2VWO,6336,99392
LZH_2VWL,19008,122975
LZJ_2V58,2,1
MD3_3T4V,768,3161
MD6_4IE5,12,14
MDR_1OVG,198,43
ME1_2P93,648,584
ME4_2P94,360,1395
ME8_3KFL,513216,133625
MEJ_4GV4,48,57
MEL_4BAH,1000000,20899
MEV_4I6Y,108,44
MEX_3OW6,6,3
MEY_3OWD,288,4401
MFR_3BHT,2,3
MG0_4MRO,2880,1627
MGP_4TPW,1000000,235310
MGT_3WI1,1000000,231392
MGV_2V8Y,4752,22542
MH4_2XCK,86400,77067
MHA_4BVN,936,371
MHF_2J4D,95040,49307
MHI_3O9P,93312,21716
MHR_3BHU,18,16
MI1_3EYG,1080,2436
MI5_3OT8,4320,2254
MIG_3L4W,810,51
MIY_2XPV,486000,220
MJ5_4BNJ,12,7
MJA_3HLD,1000000,12360
MJF_4AW0,1440,684
MJP_5AJZ,128,410
MJU_4KTN,792,1650
ML0_3HF8,6912,2072
MLO_3R5N,156,26
MLY_2RHU,1944,155
MLZ_2RHY,1944,152
MM9_4BAM,1000000,22235
MMJ_3VQ5,48,7
MMP_1C1H,20736,1825
MMV_4DDR,31104,9261
MN0_3TAY,14580,249
MN9_4BWL,162,113
MNA_1KQR,7290,131
MNI_2OYM,1188,1095
MO9_2G7Y,38880,108825
MOA_1MEH,9504,876
MOJ_3FT8,120,61
MP7_3QC4,288,18795
MPX_4ITO,4320,2543
MQY_3O23,2112,218
MRI_5AUY,2,4
MRK_3F9M,96,272
MRO_3W1R,48,66
MS0_4DDH,40,21
MS4_2WD3,192,2836
MS8_3FVG,11880,457
MS9_3MS9,2,2
MSJ_3ARN,5832,2953
MSN_2F7O,44,10
MT4_3EFK,432,3351
MTA_3T94,792,223
MTH_1SD2,792,227
MTI_1Q1G,264,206
MTP_2AA0,1188,207
MTX_3QXT,3456,2348
MUC_3DG6,264,24
MUF_3BEJ,1000000,298
MUJ_4AT5,96,1379
MUS_1S0J,9720,1052
MUU_2PSU,15552,15435
MUV_2PSV,11664,9406
MVJ_5AM4,4950,75
MVP_4U31,36450,306
MW5_2YC3,8,14
MWL_4EWQ,1500,401
MX1_2AIO,466560,13552
MXD_3B6H,30,7
MXN_3GDN,4,2
MXX_3GAM,1,1
MYC_2IOD,2,1
MYR_3EE4,708588,12013
MZ1_2QHY,5184,21484
MZ3_2QI0,20736,85546
MZ4_2QI1,6912,20625
MZ5_2QI3,46656,19090
MZ7_2QI5,139968,54005
MZ8_2QI6,5184,9201
MZA_2Y7X,2640,11082
MZO_3DQ0,24,49
MZR_3B1N,396,212
MZT_4BHF,216,21
MZX_3NHS,1,1
NVX_4Z84,132,1191
NVZ_3VGW,78408,387
NWL_4B3U,48,8
NX5_3QCK,64,243
NX6_3QH1,288,345
NXP_2YCS,288,815
NXV_3QCL,192,9017
NXZ_3QBJ,1320,1132
NYA_2ZMH,1603800,6279
NYJ_4UVW,2,1
NZA_2Q5S,192,375
NZL_4CGJ,470448,39031
NZO_5CA1,16,88
O2N_3ZSO,1000000,84511
OYP_3RDE,1000000,209079
O09_3A7X,192,53
O15_3A80,576,79
OAP_1KVO,1000000,81957
OAS_5HBG,36,33
OBE_1RIV,8,15
OBG_3KZZ,6,21
OBP_2DE3,4,4
OCA_3WL8,972,128
OCS_3LYI,36,42
OCV_1HB1,7776,2603
OCZ_5D7P,45,8
ODD_2BAB,1000000,35656
ODR_3SVG,48,18
OEF_2J4A,384,279
OEV_3D50,1000000,3770
OFG_4CCB,96,160
OGA_4D6S,12,24
OHN_3IX3,1000000,36275
OHT_2GPU,69984,328
OLN_3KZK,324,264
OLU_2D1R,132,3
OM1_4CK1,1000000,19445
OM2_3ZSZ,456192,8892
OMA_4QAF,1000000,53534
OMD_3ZDS,20,13
OMK_3OMK,19440,491
O19_4BBF,63360,27048
O1C_2HB7,1000000,16952
O1Z_3RAH,360,754
O23_3WZK,48,658
O38_5AP1,12960,68813
O3N_3ZSR,1000000,298583
O4N_3ZSQ,1000000,92067
O58_3SOR,34560,7837
O5U_4CF0,1000000,282804
O8A_3O8A,72,118
O8B_3Q3S,144,298
O8G_3O8G,4320,1483
OA1_2W6M,4,32
OA2_2W6N,120,463
OA4_2W6P,4,1
OAE_3NFB,4224,9781
OAF_3M0J,18,66
OAG_3OAF,6,87
OAK_3G2N,90,12
OAL_1N5T,300,18
OAM_3Q2F,72,88
OAN_4AZ6,1080,2099
OMM_3OMM,38880,1362
OMP_2QCL,2376,6820
ON5_3WIF,1000000,119618
ONH_3S5W,324,85
ONR_5ALE,2,2
ONZ_4CHN,66,40
OOF_3OOF,38880,699
OPX_4XJW,53460,566
ORA_3OVJ,216,27
ORB_3ZRA,64,90
ORC_3ZRB,32,46
ORO_3ZWT,2,2
OTC_2XPW,162000,222
OTD_2EG7,240,46
OTM_4CRC,6912,1644
OTR_2AN4,12,3
OTS_1RG1,12,2
OYJ_2XC5,19008,225339
OYS_3OYS,80,126
OZR_3OZR,1188,3487
OZZ_3OZT,7128,15329
P2E_3WFH,1000000,111132
P43_4A6L,720,26157
P01_2IZU,11664,2111
P03_3LPU,266085,4947
P09_3SGT,768,1142
P0A_3R5A,1296,460
P16_1OPK,48,129
P1D_2AI2,13068,242
P1F_4BNI,1458,333
P1G_2AI1,39204,330
P1Z_2W98,2970,78
P22_1T9D,216,102
P2G_2AI3,13068,141
P2H_4JZB,756,341
P34_4TJW,48,8
P36_3HP2,24,65
P37_3GFE,108,95
P3D_2PLK,209952,4853
P3Y_2Z60,144,344
P48_2WIH,10800,4008
P4D_3S2N,31104,4775
P4G_2GYU,3321,144
P4O_3FHR,60,170
P51_4AGP,272160,25589
P5D_3S2M,31104,4673
P61_2YCP,77760,780
P66_3ITZ,216,338
P74_4AGO,408240,21903
P7B_3P7B,3712,8510
P7Y_3P7Y,12,4
P83_2VUK,24,4
P8D_3K5X,5184,1638
P96_4AGQ,272160,26689
P97_3SHA,6336,34283
P9C_3G11,2160,5435
P9L_4A9L,900,115
P9P_5EEH,2,2
PA5_1TZC,648,497
PA7_2GQP,1188,922
PA9_3M5C,11664,6147
PAB_2DZA,2,1
PAC_2INE,10,6
PAF_4PAK,36,30
PAL_4KGV,1728,2995
PAN_1KOJ,324,272
PAO_4A8T,11664,3818
PB9_2R2L,194400,247098
PAP_1M4I,256608,258991
PAU_4O5F,648,363
PAZ_2ZSA,3888,2157
PBD_4MHY,1728,2988
PBE_4J1O,44,10
PBQ_4NAK,2,4
PBZ_3GY4,8,1
PD2_4NHK,4,4
PD4_3HC8,262440,12998
PD6_3HDZ,36,6
PDC_1P9L,3,3
PDD_3DAA,10368,2791
PDG_1X2A,373248,33284
PEP_5BOE,144,89
PF1_2QCX,96,56
PF4_3HQW,110,36
PF6_3HQY,192,1209
PF8_3HQZ,150,356
PF9_3HR1,150,369
PFA_1N46,96,46
PFB_3OQ6,4,1
PFE_1KZ8,432,1548
PFF_3F3C,24,10
PFH_2OVV,66,2239
PFJ_2OVY,66,2407
PFK_3QPN,36,218
PFO_4TN6,27000,9812
PFP_2BR1,900,90
PFQ_2BRB,225,44
PFR_3QPO,3240,4354
PFT_4MP7,22,115
PFU_3MI2,792,8551
PFW_3QPP,3240,8079
PGH_4DEL,12,34
PGI_2CET,1080,60
PH0_2R59,279936,9980
PH2_3ILO,90,3
PHB_4F06,2,1
PHE_3RZI,24,7
PHT_4R51,3,7
PI4_1B6L,1000000,76801
PI6_1B6M,1000000,56408
PIL_1XON,176,1113
PJC_3PJC,71280,1711
PL4_3EI6,1000000,124050
PLG_2WK9,6912,1951
PLK_4AO4,279936,16578
PLO_1Q20,222750,18
PLR_2IEG,72,45
PLU_3B3C,54,24
PM2_2BM2,8640,8112
PMM_2BMB,18,30
PMO_1JHQ,2376,3139
PZX_4IE9,12,19
Q03_4U71,270,55
Q04_4U70,810,105
Q07_4U6Z,162,46
Q0K_4CLX,4,1
Q12_3SR5,4,16
QTP_4E3S,1000000,235611
QUD_2WJO,1749600,8128
QUE_5AUW,2,2
QUP_5AEP,48,20
QUS_3FEE,24,23
QWI_3ZO4,1350,750
Q13_4LWA,972,1372
Q16_4UGF,3564,11243
Q17_4LM5,54,71
Q19_3SRQ,8,8
Q20_3SRR,12,10
Q21_4IXH,32,130
Q26_3SRU,576,955
Q27_3SRW,6,7
Q2T_4D08,58320,3807
Q31_4CJE,427680,5976
Q3C_4KAL,2,2
Q4Q_4B7Z,18144,734
Q67_4ZQO,48,360
Q6W_3Q6W,25920,122681
Q9G_2XYU,45,9
QAY_5FPL,36,15
QBH_3QBH,1000000,90360
QC5_3ZME,864,12
QCH_4CEQ,1000000,204508
QGF_3Q2G,349920,76253
QH3_4CZG,16,76
QHG_5FQR,4320,740
QIC_4IUO,30,4
QID_3QIO,4,5
QIG_3GXL,24,157
QJ4_4JSL,5886,1664
QJ9_3QJ9,720,1073
QLE_4B7S,1000000,1171
QLR_3QLR,12,661
QLZ_3QLZ,96,1511
QMS_2BB7,12,13
QN7_4ACU,66000,3266
QPP_2JC6,72,62
QQ3_2WRM,2376,407
QQQ_3GNC,12,5
QRG_3SJX,3456,3594
QRO_3W2J,48,135
QSI_1QTQ,85536,163581
QSN_3R7X,432,183
QWS_4M15,48,33
QYD_5ALP,480,143
QZ3_4UNS,64,351
QZE_4UNR,240,241
QZK_4QKZ,504,771
QZZ_4UNN,32,431
RFM_4YOJ,3072,2285
RVE_3ST6,48,42
R11_1G32,384,429
R13_2CBS,60,116
R1P_3QPB,198,227
R21_3NB5,360,758
R24_3HV5,9216,806
R30_4YLU,1536,1651
R37_1LF2,34992,18484
R39_3HV6,1244160,15439
R3S_5AL0,48,16
R48_3GCU,9216,1930
R49_3HV3,4608,431
R4E_4UVS,108,21
R78_4OGI,267300,53543
R82_4AA7,264,680
R83_4AC3,17280,5632
RAB_3GLQ,198,63
RAJ_3BE2,31104,10423
RAL_2QXS,12960,7959
RB0_4Q0S,81,25
RB9_3PSY,110592,7958
RBE_1RIU,8,7
RBF_4KUK,162,69
RBZ_1D0V,1188,1712
RDF_3DBK,1000000,38417
RDL_1NQU,162,68
RE2_3FTU,12,3
RE9_1CBQ,11880,371
REE_3MS5,216,18
RES_4P6P,108,104
REW_2REW,82944,8241
RF1_3G1O,1080,315
RF2_3G1L,4,1
RF3_3G1M,3600,4285
RFN_3UHM,972,571
RG2_4P8P,12,197
RGG_3GA5,1215,53
RGK_4BU6,2,2
RGP_2J5V,864,633
RIE_2R4F,1000000,32741
RIO_3C3Z,22275,8046
RIS_4NUA,126,103
RIV_2W26,47520,9200
RJP_3N86,2160,4403
RKD_4AXA,450,40
RL3_4L90,60,1229
RLJ_3RLJ,432,6584
RLL_3RLL,216,11858
RM1_2C67,66,3
RM8_3RM8,720,452
RMB_1JHO,1188,1815
RME_3RME,810,93
RMN_3ZGJ,16,8
RNS_3M0H,54,27
RO0_2FVJ,5760,30262
RO6_3FSK,5400,1288
RO7_3G8I,10368,6449
ROA_3QNL,96,132
ROD_3W2N,288,204
ROF_1XOQ,144,314
ROL_3G4K,484,228
RP3_5CX8,198,222
RPB_4BJC,696,8
RPR_1EZQ,10368,3228
RQ3_1G9V,960,858
RR8_2XBX,19008,150425
RRC_3DDQ,5832,1595
RRM_3WVS,1000000,69948
RRO_3W1M,2,2
RS3_4G6I,486,81
RSX_3CP6,3465,158
RT8_2XC3,4320,1370
RTK_4BGK,324,21
RUJ_4BHI,288,26
RUU_4QE1,33,4
RVA_3RV6,144,285
RVC_3RV8,72,76
RVD_3RV9,72,59
RVN_4CJF,2904,73
RVP_1ME8,2376,7222
RWX_4BAE,6480,5752
RX4_2X97,93312,43428
RX5_3Q4B,1000000,137898
RYJ_3RYJ,36,12
RYV_3RYV,12,4
RZ8_3RZ8,972,109
RZH_5AOI,48,6
SIM_3HLF,1000000,79689
SZ4_3RXD,4,2
S0A_3WK4,12,5
S0B_3WK6,528,70
S0D_3WK7,2,2
S0G_3WKA,60,6
S0I_3WKB,90,28
S14_2FJP,9504,24627
S19_3SRV,1080,927
S1A_1W96,1000000,3015
S25_3TKI,38880,10726
S28_3RLW,270336,142514
S2I_5A1L,18792,592
S36_4L93,60,465
S3B_3F2P,16,15
S3G_4CJ4,85536,1208
S3P_1G6S,360,527
S41_3S41,1152,1466
S44_2ZNN,62208,4136
S4M_4BP3,16038,3887
S5B_4AKN,72,41
S5D_4CTY,1152,901
S5P_3L0N,1188,2415
S6I_3MZC,88,243
S6L_5AJW,512,4660
S6P_1XTB,1458,650
S71_4CTW,1728,1265
S74_4X6X,5760,16467
S7P_4R75,1782,2227
S8A_5CLU,44,47
S8F_4V3V,2592,1523
S8M_5EEG,114048,38779
S8Y_4CFD,16896,1223
S8Z_4ACX,297000,15317
S94_4X6Y,120,508
SA8_2C4T,256608,22618
SAG_2V5Z,288,140
SAH_4OY3,114048,29607
SAL_3UNC,2,2
SAM_2P02,64152,36843
SAV_4O78,288,2080
SAW_3OL5,1000000,77706
SB0_4FA2,4500,122
SB4_4LOP,2250,312
SB9_2AIE,144,71
SC3_2AJ8,360,99
SC7_2QP8,1000000,201034
SC8_2R3F,72,210
SC9_2R3G,12,279
SCF_2R3I,72,163
SCJ_2R3J,72,103
SCT_1OF1,198,28
SCX_2R3M,288,172
SCZ_2R3N,144,142
SD1_3MNR,1080,658
SD4_4DYO,12,13
SDS_4GNY,354294,10938
SE8_3MWF,419904,66538
SF1_2Q61,192,355
SFF_4K1L,20250,89
SFG_3CBP,64152,26713
SFJ_5F9T,810,101
SFK_4K3K,216,80
SFY_4HWK,16,18
SG4_3T82,270,76
SG6_3T84,270,51
SGV_4TNB,396,211
SGW_4UVY,2,2
SHA_1V0H,2,2
SHH_4R7L,972,303
SHR_1E5Q,1000000,49046
SHX_4IKU,72,501
SHY_1VZQ,1000000,4036
SI5_4XXS,5400,280
SIB_2PLM,114048,25939
SIJ_3ZO1,675,105
SIO_3CL5,21870,678
SIS_4F8U,121500,8667
SJJ_4AFJ,64,146
SK2_2F6V,2880,24149
SK3_2F7R,792,103
SK4_3FRG,16,26
SK7_4JBX,72,15
SK8_4LL5,275,17
SKD_2JKB,18,49
SKE_4QMU,48,372
SKF_1HNN,30,9
SKM_2IYX,60,20
SKO_4UGI,20736,690
SKY_3G2K,540,58
SLB_2XWV,810,89
SLM_2XWO,810,81
SM9_3QKM,1000000,229151
SMA_3CX5,52488,14352
SMD_4AYP,97200,721
SMG_1SJC,1728,1403
SMR_3QKL,1000000,90716
SMS_1EOU,32670,47
SN0_3L02,432,371
SNH_2D41,24,1483
SNL_3VHU,1000000,107
SNS_3NZ7,317988,138525
SNY_3P9I,4,4
SP6_2OW9,48,37
SPB_3CFB,576,127
SPD_4JDF,8748,67
SPV_3MOE,36,74
SR1_2PYW,132,24
SRA_3OCZ,1188,2611
SRE_3GWU,180,18
SRO_4DUE,12,4
SRP_1WLE,42768,42223
SRT_2VU7,48,43
SS6_3GCV,9216,3864
SSA_1TKG,28512,40913
SSB_3BTO,297,26
SSI_3OZG,23328,3517
STC_1L2S,48,58
STE_4WBK,1000000,119728
STI_3PYY,17280,72716
STJ_3K5V,288,605
STL_4QOH,4,1
STR_2ABA,222750,15
STU_3S95,198,13
STZ_2W4X,540,31
SU0_3ML2,320,571
SU9_3PY0,132,16
SUO_1YNH,1296,722
SUY_4GFN,3168,427
SUZ_3R7M,3168,718
SW1_3RXM,4,3
SW2_3RXO,12,2
SW4_4B5D,972,156
SX2_3CJ0,48,71
SX3_3CJ2,30,17
SX5_3CJ4,1440,581
SX6_3CJ5,10800,2739
SX7_3DK7,48,76
SX8_3DKG,48,149
SXX_4Q8B,4,7
SYC_3ANL,12,19
SYD_3ANM,72,51
SYE_3ANN,12,12
SYM_1SD3,144,79
SYR_1WB5,2,3
SYY_3OXI,80,229
SZ8_3RXK,22,14
T24_3DSI,1000000,30148
TJM_4UY1,4,4
T05_4HLC,8640,10812
T08_3W0J,18225,4764
T11_3D6U,288,49
T26_2Y1O,228096,9603
T27_4KFB,288,5280
T3A_2R46,9720,534
T3F_4LXU,1000000,185852
T3P_1Z4K,1188,1273
T46_4O9G,1000000,281813
T4B_2NNQ,28800,1125
T5J_5ALJ,12,36
T6E_4AT4,64,42
T6Q_4BCO,16704,88860
T74_3EQR,699840,37466
T75_3ZSG,800,270
TA6_2CIS,594,586
TA7_3QSA,192,65
TA9_2XII,8910,1711
TAE_2XX3,3888,1722
TBL_3EHY,32,34
TBN_3UQ9,198,60
TBQ_5EAC,324,55
TC8_3G3N,36,9
TCA_2O78,4,1
TCI_3LS4,24300,106
TCL_3OID,9,12
TCU_2X23,1458,328
TCW_4D7B,96,69
TD3_3N9R,1296,484
TD4_3N9S,7776,4311
TDC_4D7M,5400,117
TDE_1QZY,28188,16046
TDG_4JC1,17550,252
TDK_2EZ9,1000000,89595
TDL_2EZ8,165888,60394
TDP_5DGD,20736,14469
TDX_1OC2,1000000,209242
TE4_4Y0P,5832,200
TE7_3TE7,108,29
TEG_5DCU,1458,315
TEU_4H8V,14580,833
TFG_2VQQ,8640,5468
TFN_3PM3,248832,13061
TFQ_3D6V,144,24
TFV_4IKT,324,3447
TFX_3MYZ,4,1
TG0_4B9K,1408,30090
TG4_5EKJ,23328,508
TQX_4E1N,1440,168
TR4_3NBW,36,23
TR7_4B2L,24,50
TRA_1L5J,48,57
TRD_2GSM,29646,502
TRE_4KZV,1350,42
TRH_4J7G,1000000,197350
TRP_1TF8,48,40
TSA_2FP2,12,29
TSB_1EVL,28512,61968
TSF_2C94,157464,20265
TSN_1T64,72,76
TSR_4IV9,20,12
TSS_2AGW,12,4
TSU_1WUW,2,2
TT2_2ZMI,1000000,12295
TT4_4XNE,6,2
TT8_3SR4,114048,29474
TTB_1XAP,360,38
TTP_4QFZ,1000000,229943
TTZ_2JG0,98010,1182
TU0_4BCW,12,8
TUH_3TUH,24,8
TUO_3B4F,8,4
TV2_4CWP,44,14
TVN_3C7I,279936,48316
TVU_4UIU,120,838
TW5_4C28,5760,18543
TWL_5AMF,135,7
TWO_4EGN,2,2
TX1_3IX4,1728,7948
TX3_3IX8,240,1072
TXA_4E1B,85536,180044
TYC_2OCI,12,6
TYD_4LXQ,42768,30820
TYL_4CUT,4,2
TYM_1R6T,171072,186370
TYP_1W1Y,990,65
TYU_2FR5,990,99
TYZ_5CUG,8,4
TZD_2BFF,20736,17205
TZM_4G44,4,9
TZN_4O3F,1320,1542
TZP_1G6C,72,145
TZY_1ZZL,50,29
UTP_4ZDJ,1000000,284128
UUL_3VZD,24,44
UW9_3V5T,2592,145
UWA_4WG3,144,39
UXH_3UXH,11,6
UN9_2HBT,12,16
UNC_1WRR,6,4
UNG_4EW9,3600,2534
UNJ_3R00,2,2
UNM_3R02,180,32
UNP_4BRK,1000000,267636
UNQ_3R04,360,80
UNR_3RYE,126,97
UNV_3S4J,231,142
UP6_1DVJ,1188,2536
UPP_3BXO,1000000,159176
UQ1_2I5N,38880,19
URI_3IVD,198,56
URM_5C47,1000000,272109
VPM_4OV9,72,54
VPP_4KQR,253440,211077
VQI_5FQV,4320,698
VRZ_3VRZ,8448,5337
VSE_3VS3,518400,13311
VSV_2X5O,228096,11198
VUP_4C38,4,4
VVQ_4D0W,8,27
VVV_3NHF,2,2
VWW_10GS,110592,18384
VX2_3BGQ,540,230
VX3_3BGZ,50,22
VX6_2F4J,207360,38887
VXO_4CJQ,855360,12027
VXU_4AB8,116,4
VXX_1WB6,2,4
VYI_5APH,1044,515
WLM_2XYJ,288,3790
WM3_4N1R,4,4
WM4_4N1S,2,2
WM9_4B70,720,216
WMJ_2YOH,4752,11782
WOE_3R4M,2,6
WOW_3KBA,1584,17671
WPE_2WPE,8640,3143
WPH_4JBO,62208,10026
WQQ_5ABW,192,3418
WR2_2W15,26244,7977
WRA_3RG9,9720,1988
WRO_3W1T,48,157
WSD_4CUL,60,11
WSH_2YEL,696,1378
WST_2POG,660,23
WT2_5AGM,432,343
WTJ_2WTJ,1620,605
WUL_4ANM,132,86
WWL_4LHI,18,12
WWV_3N3J,64,14
WZB_2X7T,712800,974
WZC_2X7S,14850,93
WZV_3ZKS,8640,14633
X02_3QQK,432,150
X06_3QQG,2,2
X07_3QQF,12,112
X0A_3QQH,24,105
X0B_3ZLR,933120,32945
X0P_4CIG,221184,21540
X0T_2X0Y,18,7
X0W_2X0W,1,1
X11_3QQJ,2,2
X14_3QRT,4320,559
X15_2X15,216,294
X16_4HWP,288,573
X17_3INE,264,7
X1P_2H5A,90,27
X29_4L91,2,4
X2D_3RQO,85536,22993
X2L_2X2L,132,16
X2O_2X2R,25920,1320
X36_3QTR,48,228
X3A_3QTW,48,332
X3G_4XG3,228096,52978
X3J_2X3J,648,295
X40_3QU0,96,789
X42_3QTZ,96,960
X43_3QTX,192,1342
X44_3QTU,192,927
X45_3INF,3300,402
X46_3QTS,96,481
X4B_3QX4,36,427
X4G_4XG4,342144,35568
X55_3JTK,176,68
X62_3QWK,36,348
X64_4GCJ,576,1684
X66_3QZF,2,2
X67_3QZG,2,2
X6A_3QWJ,36,313
X6B_3R9D,96,629
X6C_4BKS,704,5131
X72_3QZI,36,274
X73_3R1S,12,143
X75_3R1Q,36,533
X76_3R1Y,6,49
X7G_4XG7,5184,2121
X86_3R71,8748,8927
X89_3OZU,144,776
X8I_2X8I,6,9
X92_2X92,1000000,73322
X93_2X93,1000000,32917
X94_2X94,855360,12325
X95_2X95,1000000,94664
X96_3R7U,24,129
X9F_2X9F,432,2469
X9I_3R7I,24,199
XBP_4UAU,1296,1210
XD9_2XD9,60,8
XDE_3PAH,48,15
XDK_2XDK,2,2
XEB_5FJ2,288,154
XEZ_2XEZ,4,2
XFJ_3N5W,300,301
XFK_3N5X,288,292
XFN_4D3J,300,303
XG4_4RNN,1000000,239977
XH2_4CIW,540,104
XI2_3FMM,162,896
XIN_3C7Q,1000000,74315
XIY_2XIY,2,1
XIZ_2XIZ,4,1
XJ1_2XJ1,720,92
XJ8_4CRA,288,2033
XKL_4BQJ,288,97
XMM_2JE7,90,38
XMP_4X3Z,1188,2708
XMQ_4UWI,12960,14148
XO3_4CIK,180,214
XP0_4CLO,66,100
XPY_4Y73,6480,1555
XQ9_5ALZ,90,109
XQI_2YE2,10,9
XR1_4EQC,2880,45685
XRO_3W1X,96,1164
XRS_3ZDH,162,51
XX7_2V3R,5832,600
XX8_4N4D,16,31
XX9_4OIV,1152,651
XXH_4KJX,4,1
XXX_2FCX,675,21
XXZ_3E65,10800,1161
XZ2_4BE2,264,1290
XZ8_4TS8,4,4
YTP_3OOG,2,2
Y01_4XNV,1000000,23320
Y02_3PKA,52488,4005
Y06_4DHQ,144,413
Y08_3PKC,524880,16315
Y09_4DHO,288,638
Y0R_5FL6,36,12
Y0V_5AOJ,12,2
Y10_3PKD,10692,13928
Y16_3PKB,5832,792
Y1Z_4NQN,1080,1946
Y22_4P8C,12,341
Y27_1Q8T,540,20
Y38_4H84,20736,2502
Y39_4PG1,26244,2038
Y46_3ZLK,32,24
Y70_4V2Z,330,49
Y7N_4CIE,235224,13529
YAM_3BZ3,38016,18957
YD3_5A83,48600,29610
YDI_2YDI,864,62
YDJ_4W9W,120,3403
YDR_3QT9,32400,868
YE7_2P98,2,3
YEJ_5A82,12150,6599
YEN_3KFJ,1000000,138758
YEX_2YEX,2,2
YGL_4CM9,25,9
YGP_3WB2,14256,38326
YHX_4BNB,6,4
YI0_2YI0,50,22
YI1_2Y2F,1296,253
YIQ_2YIQ,96,99
YJD_2YJD,12,2
YJW_2YK2,25,12
YJX_2YK2,1980,34
YK9_2YK9,22,24
YKB_2YKB,66,7220
YKC_2YKC,44,1665
YKJ_2YKJ,44,3701
YKN_2YKN,144,217
YLB_4CH3,1000000,417616
YM3_2YM3,1080,121
YM5_2YM5,1080,130
YM6_2YM6,135,29
YM7_2YM7,29160,6067
YAU_4CYQ,380160,291050
YC8_5FP4,144,92
YCF_2YCF,2304,389
YCU_2Y5K,41472,16161
YM8_2YM8,1296,5752
YNE_2YNE,480,4723
YPW_4CMO,48,1503
YR4_3AUN,218700,9956
YS1_4PVX,4536,2995
YS4_4DEM,4536,2646
YS9_3WTQ,1000000,30343
YSA_2PID,57024,118437
YSD_3VRV,1000000,10175
YSL_5AWJ,1000000,32772
YTT_3G5H,315,470
YTZ_4J7U,8,18
YUK_3WQ9,4320,373
YX1_2VUR,360,31
YYY_3EVM,42768,34345
ZWZ_2ZWZ,45,9
ZX6_2ZX6,2700,3343
ZX8_2ZX8,270,1132
ZXD_2ZXD,45,8
ZY3_2WF3,1000000,73563
ZY5_2WN9,360,85
ZYD_3P8X,1000000,5350
ZZ0_2WMD,24,30
ZZ3_2WI3,6,2
ZZ7_4RAW,4224,10330
ZZ8_2WJ6,8,6
ZZA_2VCW,12,4
ZZD_2WOG,6720,367
ZZG_2WOT,1152,4138
ZZL_2WTV,8352,1945
ZZN_2WXG,96,126
ZZO_2WXH,96,119
ZZY_2WD1,72,260
ZZZ_2CFI,30,5
097_1R55,972,485
0GO_3VEU,1000000,321353
0GX_3V7T,864,1927
0GY_4DI9,8,8
0H5_3VEY,72,34
0H9_4FPE,1296,185
0HD_3V8S,72,36
0HL_3VFE,22528,194616
0HM_4D8N,256,327
0HN_4DDK,22,2
099_3HYG,594,32673
09A_3UDM,1452,978
09D_3UDP,3630,2080
09F_3UDR,10890,2203
09H_3U9N,7920,3198
09J_3U8W,16,26
09K_4FKI,480,558
09L_4TKG,1920,5778
09Z_3RK9,72,140
0A1_3QTC,48,14
0B1_3VV7,48,350
0B3_3WB4,540,70
0BX_3UNJ,288,537
0BY_3UNK,432,837
0C1_3UPH,1408,5859
0C8_3UP2,5184,2571
0CA_3UPE,7680,10364
0CB_3UUZ,138240,42889
0CH_3UV6,5832,1577
0CJ_3UTD,7776,3616
0CK_3UZP,2250,132
0CN_3UV7,1296,458
0CO_3CS6,1000000,2560
0CZ_3UUA,90,5
0D2_3UVC,5808,14
0DF_3UWK,6,3
0DI_3SFF,1440,2152
0DJ_3UWO,12,21
0DN_3UXM,198,43
0E0_5C5P,135,21
0F9_3VBT,2,3
0FK_3VBV,1,1
0FR_3VBY,4,5
0FV_3V1X,34992,5606
0FX_3VBL,1000000,184679
0G1_3V5L,1200,163
0G2_3V8W,96,66
0G8_4QWA,42768,30979
0GA_5CWA,24,42
0GD_4D7J,864,272
0HV_4DBS,72,269
0J2_4D8Z,24,41
0J3_4GG5,360,6075
0J6_4DE1,48,24
0J7_4DDS,96,20
0J8_4GG7,6480,33125
0JA_3VNT,3840,86509
0JB_4DE0,144,270
0JD_4DE5,60,13
0JE_3VF8,144,259
0JF_4DCE,17280,17536
0JJ_4DEG,24,515
0JO_4HPX,10368,1507
0JX_3UTC,1944,860
0K0_4DFL,2160,13555
0K9_4DI2,1000000,98169
0KC_4DHN,396,1225
0KF_3VO3,512,678
0KG_4DHT,540,766
0KH_4DHU,144,409
0KX_4Q8E,1000000,241996
0OF_4E91,2784,514
0OG_4E92,768,594
0OK_4EH2,6,2
0ON_4EH6,8,6
0OV_4EFE,60,438
0OX_4EEQ,22,106
0OY_4EGH,180,23
0Q1_4GPJ,110,95
0QA_4EJI,1728,300
0QR_4EPX,8,16
0QV_4EPW,180,53
0QW_4EPT,132,31
0QX_4EPV,8,30
0R3_4ERF,25920,6380
0R4_4EJN,1536,1764
0R9_4EMV,288,70
0RB_4ESI,6,7
0RF_4EKL,641520,17393
0RM_4EY2,1056,4256
0RY_4F1L,32,32
0S2_4EO6,1440,3108
0S3_4EO8,2880,2811
0S5_4EOX,1254528,80900
0S6_4F3I,1392,188
0S8_4F64,419904,17312
0S9_4F65,31104,12782
0SL_4FA3,240,398
0SR_4F6U,466560,3406
0SX_4F9C,44,12
0SZ_4FAM,120,1232
0TF_4J4B,52488,5152
0TK_4FFO,324,110
0TT_4FHD,1000000,34653
0U8_4FFG,1086,29
0UB_4FFI,1000000,129065
0UJ_4FK6,96,141
0UP_4FM7,7920,9044
0UQ_4FM8,7920,8313
0UU_4FOC,388800,13603
0UX_4FPS,7776,172
0V0_4UMU,72,2271
0V4_4FR3,1000000,4919
0V5_3UJS,24,43
0V7_4FPH,648,263
0V8_4FPY,648,280
0VC_4FRR,8748,349
0VF_4FYO,1056,86630
0VG_4FZ6,792,2351
0VH_4FZ7,6480,1238
15Z_4HLF,2,2
164_4MYS,23040,2713
16G_1NE7,270,58
16I_4BUV,16,39
16O_3MT7,6480,356
16S_4HLM,2,2
16T_4HLD,4320,7304
16W_4HNF,2160,814
173_3SG0,2,1
174_1T5D,2,1
17C_4IJ1,21,37
17D_3QS8,16,25
17L_3V9T,190080,11552
17S_3MRX,12960,546
17T_3MT8,6480,368
18F_4JV6,24,6
18G_4HOE,8,1317
18H_4HOG,12,863
18K_3SW4,48,87
18O_3MT9,12960,705
18P_3U6A,480,1726
18S_3MS2,6480,345
18U_4JXS,192,1129
198_1Z95,432,3028
19A_2OJG,300,79
19B_3E93,28800,40131
19H_4WMU,432,463
19L_4HV3,288,2326
19M_4HUP,1728,6835
19N_4K5L,5832,495
19T_4MYQ,2880,982
1A0_4HXW,3168,2020
1A7_4HXN,2,4
1A8_4HXM,576,994
1AL_4PXD,4,12
1AM_4HYH,31680,8907
1AO_4HYI,2160,3772
1AX_4HX2,378,84
1AZ_2WHI,360,377
1B0_2XDE,1920,2626
1B2_4HWR,288,789
1B3_4HWS,288,674
1B4_4I0R,24,173
1B5_4I0S,6,53
1B6_4I0T,1080,63
1B7_4I0D,51840,3437
1B9_4I0G,4320,1564
1BE_4I1C,207360,6588
1BF_4I0F,17280,2801
1BG_4HY4,1000000,92023
2NR_4NW5,48,912
2NS_4NW6,48,725
2O3_4NYW,24300,3751
2O7_2O7N,8712,1047
2OH_2E2R,15,3
2OO_4O0Y,36,461
2P1_4O15,64,835
2P6_4AN0,17424,32327
2PG_1O98,72,93
2PJ_4PES,324,151
2Q2_4O8M,324,130
2Q8_4O04,2700,96
2Q9_4O05,60750,222
2QA_4O0B,29700,190
2QC_5FE5,4,2
2QE_4NWC,5184,1752
2QF_4O10,64,465
2QJ_4NZ2,96,27
2QM_4OC5,31104,9188
2QN_4OC4,46656,13033
2QP_4OC3,93312,22883
2QU_4OBP,2,3
2QV_4OBO,6,8
2R2_4PFD,349920,6001
2R4_4O72,180,154
2R6_4O09,16200,119
2RE_4O77,50,34
2RJ_4O7B,13500,5967
2RM_4O0Z,64,474
2RN_4O7E,50,48
2RQ_4O7F,13500,6745
2S6_4OG3,1924560,16401
2S7_4OG5,1924560,27799
2S9_4OG6,1924560,32300
2SW_4OAS,233280,23328
2SX_4OJQ,20,14
2T2_4OK5,80,1255
2T9_4OKS,1920,2266
2SA_2VD6,171072,217014
2SC_2R3O,288,162
2SE_4OG7,1000000,49348
2SF_4OG8,1924560,13480
2SH_4O6E,32400,46261
2SK_2F7P,3168,271
2SQ_4OJR,1440,161
2SS_4CEC,1000000,225797
36I_4BNY,90,15
36M_4TV1,18,3
370_4CAF,480,2445
37D_3HYY,8,8
37J_4TWC,384,2468
37U_2ZDV,4224,34443
37V_4QR6,36,919
381_4MS1,14580,261
387_4MVY,7776,1913
388_2IKI,72,1573
389_3F7G,14256,103195
38F_4TXE,21384,2835
38L_4QRO,4,3
38R_4BGQ,19008,25342
390_4QTE,576,1825
392_4MW0,7776,1942
393_3M64,96,2519
396_3BI6,26136,4557
39L_4QPF,252,204
39P_3MVM,7776,2744
39X_4TYO,96,197
3A9_4CTJ,22,4
3AB_4PML,2,4
3AD_3ONF,198,46
3AM_3AGO,1188,1777
3AT_4XJ4,1000000,262894
3B6_3B65,144,4503
3BH_3FZH,198,63
3BM_3EQC,216,163
3BP_1WTG,497664,33762
3BX_4U3D,145800,86057
3C1_4U4S,60,6
3C4_3E6C,10,16
3C8_4U41,60,148
3CM_4FTW,1000000,2822
3CR_4U6Q,12,13
3CZ_3CZR,960,480
3D1_3IAR,198,49
3D8_4U43,12,21
3DE_1Y2C,72,13
3DJ_4U1Q,48,57
3DM_3VXJ,1,2
3DO_5CX8,45,3
3DQ_4B6O,360,533
3DU_4NT0,1188,2159
3DV_4QYF,16,10
3DW_4QYG,360,516
3E1_3DJI,20,11
3EB_4BPS,48,55
3EJ_3KEJ,384,1274
3EK_3KEK,17280,1755
3EV_3A78,1000000,3218
3F0_4OWM,2,2
3F3_4CAE,480,7181
3F4_4BU5,2,1
3FE_4U8Z,180,119
3FL_3FCL,279936,17914
3FV_4UAL,1440,3525
3FX_3SFX,14580,464
3G5_4UB7,4,2
3G6_4UBT,891000,57
3G7_4QYY,126720,147904
3G8_4W1W,80,88
3G9_4W1X,720,823
3GC_4X8D,432,306
3GF_4R3C,750,763
3GG_4UAI,96,12
3GJ_4W1O,192,670
3GP_1LOV,1188,1954
3GQ_4R3W,6,19
3GS_4W1V,704,274
3GU_3GU8,13068,1138
3GX_4W5I,30,6
3GZ_4W59,162,16
3H2_4W58,54,8
3HA_4HSL,2,2
3HB_4PAI,2,2
3JF_4W9H,4224,49126
3JG_4W9C,8448,13519
3HF_3OHF,1000000,246840
3HJ_4W4W,768,458
3HM_3GMC,2,2
3HX_2HX3,93312,7619
3I6_4BGH,216,1048
3IG_2G1R,2160,714
3IL_2A7P,48,48
3IO_1XES,40,64
3JA_4W8D,180,20
3JC_4W7T,30,8
3JD_4R6E,360,420
4RB_3BQR,1296,188
4Y1_5C2E,864,6392
440_3B92,324,1191
443_3KL6,32400,19022
404_3PJ8,1944,1542
409_4HWO,288,625
40F_4XAQ,88,21
40U_4XHD,2160,1217
40W_4XIP,180,12
410_2ZN7,69120,20737
413_1W7X,36864,18447
415_4MW5,15552,2243
417_2P8S,2700,1652
41D_4XJJ,648,181
41E_4XJM,12960,17844
41G_4CB7,48,149
41K_4XKR,88,53
41L_3PMY,40,61
41N_4XJP,7920,892
41O_4XJO,7920,1473
41V_3X31,1202850,6972
421_1ZSK,384,312
42C_4FCP,3,1
42K_4FKQ,792,286
42Q_3VHE,128,184
42Z_3OUI,12,7
431_4HLK,2,1
437_3NNV,1536,45
439_2Y80,11616,17116
43C_4XUA,300,1354
43D_4XUB,300,1959
43E_4MWD,7776,1633
43G_4XUC,36,26
43J_4XUE,12,23
43K_4XKX,2640,2050
43L_4XT2,120,355
43N_4XWA,1000000,119714
43O_4XWY,648,112
43P_1YC4,100,34
43Q_4S3B,5832,2129
43T_4S1G,2880,11054
43U_4XY8,3,16
43Z_4XYX,396,713
448_2QOE,4320,17511
449_4CWD,60,9
44F_4MW1,15552,3908
44I_4Y7B,38016,170944
44J_4XTU,1000000,242725
44L_4XTY,1000000,260299
513_4ABF,4,2
578_2PJ1,20736,9713
5LI_3SW8,180,132
505_2VIN,18,8
507_3OOM,720,278
508_3UFL,118800,4989
509_2H4K,48,38
50E_5CEP,6480,1428
50F_5CEQ,1283040,7355
50H_5C26,48,854
50J_5C27,384,3699
50O_5CF6,648,626
50Q_4BQG,16,13
50R_5CEI,24,21
50U_2ZDK,380160,49496
50V_5CF8,2592,822
50W_5CF5,2592,941
50Y_5CF4,17496,2381
511_4DBW,80,220
512_2HB1,24,32
516_3GT9,190080,94452
51U_2ZF0,4224,27375
51Y_5CJ6,66,75
520_5E2R,192,189
521_2NTA,44,14
524_2QT9,71280,28524
52U_5COK,855360,123153
528_2PIY,559872,36295
52B_3LN0,180,43
52C_4AJ2,2,2
52H_3COW,28512,29889
802_1O35,16,6
80O_4UFX,720,8534
812_3FUI,2376,1190
824_1X8B,44,10
825_3CWE,1296,281
829_3KE1,1188,2721
82B_4BKY,139392,90265
82E_5FL5,72,18
839_2IN6,1056,295
83T_4CLB,2160,2091
841_5EZH,5940,1603
842_4I0J,699840,19808
849_2Y1W,6480,2017
851_3GTA,380160,60180
855_3HMM,24,65
857_2QU6,19008,117776
85Z_5AK2,64,242
861_4G50,38880,14990
879_3L38,1024,332
87T_5AJY,512,208
882_2Q1L,1000000,7037
88A_4AQC,2880,1680
88N_4AJO,38880,10851
88R_4AJJ,60,113
88V_4AJN,38880,6601
88W_4AJL,108,40
894_2UWP,95040,112918
895_2UWL,31680,59658
89P_3P89,1152,2107
8AC_3QXH,2916,266
8C5_3DPK,1710720,26618
8CX_3PNH,256608,32580
8DG_1WUR,1000000,261768
8DQ_4CFL,360,38
8DX_3FVK,11880,640
8E9_4CD1,270,25
8EP_3FVO,11880,844
8GT_1WUQ,1000000,284122
8HC_4LV4,2,2
8HG_3F10,198,51
8HQ_4BIS,2,2
8I1_3IOP,216,1877
8IP_2OHR,36,271
8ME_4GV0,48,88
8NC_2XC0,19008,246065
8OG_3ZR0,1188,2065
8P3_4CGD,176,164
8PC_3FNE,36,75
8PR_4JLT,5940,885
A28_3LFQ,48,6
ADI_1JX4,42768,28180
AJ4_4IUE,4,4
A04_2Q94,48,18
A09_3T5U,4,4
A11_3E6L,540,256
A12_4MAM,42768,42192
A14_2JB4,14256,3270
A18_2Q96,16,74
A1O_4LA7,4320,139
A1R_4B1J,1000000,337875
A21_3BZU,396,17
A2K_4APU,1000000,1885
A2P_1O0O,7128,34488
A3F_3MTF,48,169
A3P_2ZPT,7128,37448
A3S_4RR9,1188,3690
A3T_4RRM,1188,6421
A3V_4RSC,9720,574
A49_3FRJ,622080,45316
A4D_3IOB,198,94
A5A_4XEM,9504,21799
AM3_2WC3,721710,1765
AM9_3BYO,2160,3412
AMG_4NDU,135,4
AMP_2GXQ,1188,2562
AMQ_3FAT,48,39
AMZ_2CNQ,1188,6308
AN0_3KZO,36,21
AN2_3IED,42768,40209
ANH_3PLK,3072,15710
ANN_2B96,4,1
AO1_1R5G,1728,1523
AO5_1R58,6912,2619
AOB_4CM6,4,43
AOR_3KZN,108,55
APC_3IP0,1000000,264246
API_4WCK,1296,389
ATP_3GAH,1000000,285373
ATR_4KM0,256608,262486
ATU_1Q3W,58,4
ATZ_5PRC,324,40
AU1_4BRC,42768,45046
AU5_5AP0,11880,11383
AUB_5AM3,180,75
AUY_5FP8,12,98
AVD_3CEM,144,67
AVI_4PIO,288,49
AVJ_4X8E,288,42
AWF_4CCU,192,334
AX3_3BMN,6,2
AX4_3BMO,16,9
AX5_3BMQ,32,40
AXB_3DPE,14400,45198
AXF_2F3F,1000000,156512
AXI_4AG8,384,1029
AXW_3TYL,171072,11703
AXX_2PZI,120,9
AYH_3K5F,1000000,45863
AYX_3N2P,64,32
APR_5HOL,1000000,382160
AQ2_4AWI,480,316
AQ3_4KKX,373248,45421
AQN_4C0X,30,3
AQZ_4A9Y,2566080,188682
AR3_1P5Z,198,60
AR9_3DV1,1000000,42445
ARL_1NQ7,40,70
ARW_2BOJ,45,3
AS0_2OVH,1000000,247
AS6_2XVD,77760,22712
AT1_1VSO,2592,472
AT2_3E7M,540,206
AT6_3E68,72,422
BC2_2VWC,1000000,12745
BC5_5E28,12,9
BFX_3K1W,622080,210437
BHE_4KC1,1000000,2138
BHF_2HI4,2,1
BHG_1PPJ,10935,184
BHN_3MZ9,221760,89836
BHS_1DMI,135,59
BHX_3BHX,186624,22064
BI1_2BIK,85536,543
BI2_1UU7,156816,5278
BI3_1UU9,14256,290
BI5_1ZYJ,256,424
BI9_2JKK,3240,5969
BIA_1H1D,25920,34978
BIE_2CL5,64,54
BIG_4WKC,114048,5132
BIH_3GKN,3,3
BIK_1U5A,2,2
BIO_3QNA,12,12
BIR_3B7R,46656,1933
BIT_3MYK,660,14
BIX_3BI0,559872,42032
BJ1_3L4T,48114,25933
BC6_2VW5,1000000,10817
BCN_4HPJ,2052,110
BCV_2IVJ,7776,4709
BD0_3HEK,11616,16231
BDF_1OVP,45,3
BDH_1YBQ,576,439
BDR_3KSM,33,6
BE2_3T44,2,2
BES_3H8G,1296,508
BEU_2JIW,90,49
BEY_3EBI,46656,2760
BFQ_2F94,183708,6505
D66_3Q43,2592,783
DFH_4F6O,15,4
D0T_4CEF,1000000,142842
D10_4Y9H,1134,43
D12_4Y9H,9963,226
D15_2VX3,1728,422
D16_4EB4,10368,14096
D17_2WJP,228096,11402
D1A_2W7X,576,1190
D1G_2FDU,12,4
D1H_2IUZ,9,9
D1M_4EL5,270,113
D1Q_3TK5,69120,47767
D23_2B53,18,38
D26_2VCX,4,2
D2B_3NXO,36,55
D2E_3NXT,36,76
D2F_3NXV,324,162
D2G_2FDV,12,4
D2H_3NXY,108,121
D2J_3NZ6,31104,9545
D2R_3TD8,1152,12460
D3A_3V66,1002240,15298
D3G_2FDW,4,3
D3M_3GL2,8,6
D3Y_4NBI,2376,20144
D46_3TK6,2880,9355
D50_3Q44,15552,3810
D54_3QPE,144,138
D55_2VIQ,2592,587
D5X_4L4Z,108,136
D63_3U08,192,183
D64_2VZ0,6,3
D6I_4BZD,69984,7015
D71_3G4I,48,19
D72_3NTG,3240,429
D7E_5A86,32,73
D7N_4ZZY,59400,2309
D7S_3UP0,1000000,2680
D80_4QBZ,36,8
D87_3WN4,36,7
D8I_4FPJ,1296,379
D8T_3SBF,108,52
D8W_3D8W,16,34
D90_3Q3K,960,5959
D94_3D94,4320,4086
D98_4AGZ,512,90
D99_3ASX,276480,21544
D9A_3Q2Z,200448,5389
DHC_3S2Z,4,2
DHY_4GHG,10,14
DI1_4CKR,1000000,112131
DI6_2Q09,396,29
DIF_4ZBQ,120,127
DIU_4LUH,2,2
DIW_3T0X,1188,3493
DK2_2PU2,1056,2484
DK4_3L7C,270,17
DK5_3L7D,2160,67
DKA_1WBE,8748,636
DKI_4AAA,576,2877
DKK_3C27,38880,152714
DKX_3L79,270,17
DKZ_3L7B,270,12
DLI_2OAG,176,13781
DLU_3S3M,2700,1268
DLY_2ATS,324,68
DLZ_4DJA,162,63
DMA_4GP1,1296,450
DMY_1JUX,27648,8943
DN3_4DE2,576,32
DN6_4DDY,48,33
DN8_4DE3,48,26
DNC_3BWY,12,15
DNF_1GVO,12,15
DO3_2QMI,1000000,148209
DOI_2GCQ,14256,44524
DOO_4K4O,2904,724
DOR_2Z26,60,11
DP1_1P6K,23328,6603
DP3_1P6I,209952,2980
DP8_5AEN,1728,88
DP9_1ZZS,28512,74841
DS4_3W0Y,864000,14902
DPB_1Q91,11880,1176
DQH_3TVQ,60,69
DQX_3KRR,259200,7505
DRM_1Q92,1188,803
DRO_2W3L,129600,57508
DS0_4C5A,132,17
F90_4CZH,16,33
FO1_4CDN,162,76
FU7_3R4P,7128,64821
F03_4AJF,4,4
F04_4AJD,2,1
F06_3PLL,32,77
F08_4L31,4,4
F11_2CMF,1000000,7837
F13_3G35,48,9
F18_3TNW,36,6
F1P_4BB9,270,35
F1X_3O75,594,580
F21_2G72,2700,629
F2U_4OQL,198,177
F33_4BUW,88,108
F34_2W67,29,33
F35_4BUX,88,4
F37_4BUY,88,4
F3A_3TFR,1000000,284065
F40_4BU3,2,2
F46_4L8M,1503360,167489
F47_4AP7,8,12
F4D_4JZ1,16384,3132
GDN_18GS,248832,47855
G01_3GIQ,2592,1491
GCP_2C04,1000000,263701
GCV_1H41,180,11
GDE_4J0H,2,1
GDL_1O7A,45,66
GDM_3C11,1000000,10718
GDP_4QL3,42768,46217
GDR_1N7G,1000000,238124
GFB_3ZY6,1000000,249857
GFC_3JPT,1000000,299273
GFF_2ISO,1000000,291034
GFM_3JPS,1000000,250494
GG5_4F9Y,25,6
GGB_4Y4G,216,158
GGG_3TY3,72,67
GHE_4AVV,108900,85372
GHW_3GI2,6912,2790
GI2_2J7E,450,48
GI4_2J7G,450,34
GIF_4CU7,45,6
GDU_4HO9,1000000,297456
GDV_2J47,360,13
GEK_4GEK,1000000,164896
GEN_5AV4,4,2
GEO_2NO0,198,81
GET_3TD1,60750,409
GOX_1E6S,45,12
GP0_3SYM,810,21
GP1_3ST8,270,29
GP2_3EXM,42768,42026
GPD_3DR7,1000000,225256
GPJ_1G6S,432,145
GPK_3SYR,270,13
GPQ_3T3E,270,12
GQD_5FQP,4320,829
GRC_4DOB,1000000,282949
GRE_4E3F,4,2
HMO_1FP2,8,2
H05_4CWF,12,4
H13_3H3Q,1000000,47100
H1D_2FQT,10368,5387
H1L_4G2R,64,131
H1S_2FUT,194400,87613
H21_2VVV,4608,4348
H24_4FS4,1440,364
H25_2VWN,6336,93674
H2U_4O8R,5940,3031
H2W_4UVX,2,1
H35_3T4S,6,31
H39_4CJK,427680,5854
H4C_4C66,1392,30
H52_2GNH,174,212
H59_3H59,380160,5038
H5S_3H5S,348480,22648
H5U_3H5U,371712,11371
H6P_3SZU,1944,850
H70_4NAL,2,5
H89_3U16,192,195
H90_3U17,256,561
HA6_5FPB,8,6
HAJ_4CWR,44,16
HAU_4BDI,360,180
HB2_4R6A,216,37
HBH_1Z1R,1000000,49766
HBO_3AIQ,30,6
HBT_3HMV,2160,458
HBU_1HYO,576,324
HC2_1ZHW,1000000,367
HC3_1ZHX,1000000,682
HC4_4F8J,4,1
HC8_3HRR,160,46
HC9_3N9Z,1000000,562
HCI_1TOJ,24,14
HCR_1ZHT,1000000,324
HCY_2V95,297000,43
HD2_5ALU,8712,3928
HDI_1LJT,528,155
HDL_3HK8,72,68
HDT_1OIT,48,158
HFT_4OHA,144,113
HFV_2BU9,46656,6922
HH2_2DZB,648,587
HH6_4EEH,4,2
HHH_2R5V,16,8
HI3_3TYV,384,517
H0V_4CM7,24,25
H0Y_3ZLN,2160,567
I3A_3BWL,2,1
I46_3K3I,25,17
I24_2VVT,349920,17426
I31_4J7D,8448,824
I38_2QDT,12,16
I39_3HRB,8,8
I3C_4BVX,10,10
I3S_2P0H,3240,544
I45_3HLL,144,1431
I47_3HL7,3000,1111
I4I_4BGI,595764,2709
I50_2R2M,38880,28222
I5S_2JDO,139968,17714
I5T_5AM1,900,3437
I63_4DRK,466560,79467
I6X_4B00,6600,14513
I76_3V51,288,150
I7A_2POU,6,9
I7B_2POV,9,9
I7C_2POW,27,9
I85_3SHE,3600,11006
IA7_4UFZ,4,24
IAC_3FVU,20,14
IAD_1K3U,960,2363
IAG_1K8Z,120,185
IAV_1K7F,240,501
IBM_3ITU,6,3
IBP_4PH9,48,13
IC8_2X38,24,20
ICD_4M10,240,16
ICF_3F78,3,16
ICJ_3AFR,1000000,12939
ICR_2FWP,104544,8704
ICT_4AJA,576,481
ID5_1T40,36,1318
ID8_3R43,18,24
IDC_2OYL,2025,37
IDD_1X38,90,2
IDE_1X39,540,36
IDQ_5AWD,288,46
IEJ_4D6R,3,3
IEO_4BIB,60,212
IES_4CL9,174960,137318
IFC_3DZQ,384,207
IFG_1JAK,45,48
IGP_3T44,108,118
IHM_3V9B,10368,11253
IHX_3F66,120,400
IHZ_3DKO,96,134
JC1_2ZXN,1000000,4966
JJA_3WMH,6912,3732
J01_2XF3,396,26
J0W_5FQS,5400,525
J1A_3UD5,1000000,251066
J2I_3Q32,86400,18276
J43_3MHO,144,201
J45_3M40,96,246
J47_4D45,9,67
J4Z_3I68,12,49
J60_3HZT,149688,2993
J74_3M2N,144,1007
J90_3MHI,48,495
J99_4CTC,33098,61
J9Z_3IKD,216,519
JA1_4D41,3888,546
JA3_4D44,36,39
JAC_2XXI,11880,734
JAF_4JMO,16,11
JAI_4EPL,32076,29093
JAK_4EHZ,90,11
JAN_1SA4,500,181
JAR_3JSW,1584,757
JB2_4EAB,1000000,236656
JB7_4NGM,746496,58413
JBI_3TTJ,9504,7294
JBW_4CQ8,12,242
JCF_4UCR,2,2
JD1_4PVY,1512,882
JD5_4NFK,1512,880
JDB_4JDB,96,248
JDM_4JD4,384,254
JDR_3M5E,72,809
JDX_4CIF,221184,20344
JE2_1KZK,114048,213285
JF2_4KWD,1350,9
JG1_3PPM,7776,2525
KAN_1M4I,30375,335
KAP_4CXQ,2592,755
KNA_3SZ1,2916,291
KNC_1V0C,30375,341
K02_2UYI,720,266
K03_2UYM,720,289
K0I_4ASK,25056,1623
K11_3EWH,432,1811
K1T_4CK3,384912,2529
K20_3O9C,1000000,266664
K23_3LBK,200,190
K26_2XHM,7776,9123
K13_3O99,940896,187220
MFU_4CSD,45,2
MSL_2J8R,108,49
MZ6_2QI4,15552,17355
M00_4L7R,108,71
M01_2VNW,135,29
M02_2VNY,45,12
M03_2VO0,540,146
M04_2VO3,810,287
M05_2VO6,270,196
M0A_5AWB,288,93
M0N_2VF6,252,210
M0Y_4M0Y,24,15
M13_2P37,6075,52
M1C_1QXW,8748,208
M23_3SRS,6,7
M25_2NMX,36,19
M2N_4CMA,25,7
M2P_1ZAJ,4455,2692
M31_3RML,202752,169532
M32_3RMM,50688,176825
M35_3M35,1152,451
M37_3M37,2304,840
M3L_4YHY,1944,95
M3N_4PF5,540,29
M3S_3FCQ,4,5
M61_3R7O,777600,152124
M67_4BAK,1000000,47703
M6S_4BAN,1000000,21632
M72_4M73,144,16
M73_4DJP,419904,64328
M77_2F2U,174,149
M7P_2XBL,810,127
M86_4DJQ,1000000,78212
M87_4CAM,432,260
M98_2FM0,2304,2788
MA4_4FCF,1000000,17030
MA5_3KCU,820125,1560
MAH_1DQA,78,112
MB4_4KUY,72,592
MB6_4KUV,48,284
MC5_3B0Q,1584,747
MCF_4GBD,45936,378
MCO_4C1E,792,609
MCY_3KFX,198,40
MCZ_3B0T,400950,3005
MD0_3T7V,108,32
M41_3RMN,152064,217911
M46_4CAO,3888,1338
M4S_3LKA,4,2
M5F_4U2K,18,7
N20_1OI9,1620,1056
N22_3FQ0,32,727
N32_4JV3,4320,3437
N3F_3QUD,96,193
N44_3ZSX,1000000,28064
N53_4APP,506880,187222
N5A_2HCH,1188,897
N5B_1VYZ,16,8
NGE_2WYK,1620,171
NGO_4C7G,990,13
NGT_2EPN,990,18
NH5_3S7B,1000000,290365
NH7_2ZIR,60000,3257
NHK_3NX7,192,109
NHT_2VVN,3960,38
NJQ_3NJQ,11520,3672
NKG_4QHO,24,47
NKI_5AKW,60,16
NKS_3KDU,3072,8024
NLA_2P1O,20,13
NLC_2YY1,2025,67
NLG_3ZZH,144,180
NLI_3LDX,23328,19635
NLP_2GU6,162,58
NMH_1P1R,81,30
NMN_3OCU,2376,6551
NN3_2GIR,2880,190
NND_2V3E,590490,3369
NNG_2P53,4860,400
NNL_3P0Q,18,80
NNR_2QT0,396,185
NOK_3SUV,45,45
NP8_5A5S,720,616
NPE_1GAF,46656,5628
NPG_1SJD,192,231
NPM_4JIY,300,90
NPO_2ZVP,2,1
NPS_3NT1,16,13
NPV_2QYN,32,20
NR4_3L4Y,433026,125858
NRG_1ED5,2592,1317
NS3_3H6U,44550,1937
NS7_3H6W,44550,1845
NS9_3NS9,34992,2798
NSI_2HFP,256,359
NSK_2P8B,3888,1354
NSP_1T9B,4,1
NSS_1X55,114048,116864
NTA_1GVC,120,565
NTM_2B7N,4,11
NU3_4C35,4,2
NUP_3WJZ,1188,2221
NUT_4HG7,168960,31887
NVB_3LPB,64,414
NVC_3E3U,85536,26929
NVP_3QIP,87,4
NVU_4CK2,20,15
PMS_4Z9A,6,6
PN3_3PN3,216,53
PNN_1GM7,1320,780
PNS_1OD6,8748,3052
PNT_3GY3,93528,2729
PNW_3AI0,180,34
PNX_3ARR,216,92
PO6_4O08,12,8
PP2_3SXS,4,2
PP9_1Z53,13824,7093
PPG_1M7Y,124416,7684
PPR_2HJP,72,100
PPS_2ZYT,256608,253334
PPY_4DQD,20,25
PQA_2BAL,720,6645
PQB_2GFS,1296,691
PRF_4E2V,4,2
PRP_1I0L,42768,111057
PRX_1PG4,21384,13440
PRZ_2NND,12,8
PSQ_1DUV,23328,5722
PT6_4CV2,576,962
TKA_3VTB,267300,16576
TKT_2WNC,2,5
TL2_1Y5A,30976,10988
TL3_1Y5B,30976,6136
TLE_4C6Z,792,30
TLG_4C72,528,41
TLH_4C73,1584,144
TLJ_4C70,2376,61
TLM_2VB8,264,18
TLO_3PFG,1000000,125653
TM3_3KPE,1000000,221151
TMC_1E2K,198,34
TMG_1YVM,2,1
TMI_2BDM,144,130
TMP_1OI6,1188,1601
TMQ_2X9V,48,216
TNA_3FPF,1000000,303111
TNM_3FKB,3888,1836
TNR_4U36,1620,126
TNV_3FKB,139968,29267
TO1_3RE4,198,104
TOE_4ARV,19683,309
TOL_1ZUA,288,214
TOP_4KM2,16,56
TOR_3HKU,32670,50
TOY_4XJE,30375,301
TP0_3APV,3132,18
TP9_2IHU,139968,25114
TPI_1BZC,5184,5311
TPM_1F3D,180,37
TPO_2W08,72,67
TPP_2PGO,20736,13714
TPS_5DD7,576,1075
TPU_2WVA,20736,13942
TPW_2JI6,41472,22676
TQ1_2YER,8,7
TQ2_4E1M,96,19
TG5_5EKM,5184,154
TGN_2AJX,108,114
TGW_5AL3,60,40
TH2_2CBO,1000000,800
TH4_3C84,66,117
THM_4LZW,198,38
THP_4EQP,7128,25766
TI4_5BRX,4,4
TIH_1MMK,48,40
TII_4ZK4,484,230
TIQ_5ALB,513216,111887
TK1_3H1V,4224,3641
TK3_3VTC,801900,32629
U1K_2AIX,144,40
U1N_2OGZ,5184,823
U2F_2AM4,1000000,305557
U2P_1O0M,1188,1195
U2S_3D6P,17820,635
U2Z_4CHO,48,10
UDB_3U7L,12672,33459
UDP_3H4T,42768,41876
UEK_4CYO,380160,269090
UEN_4CMB,360,30
UFO_3GQT,30,2
UFP_3GWC,1188,2311
UGA_3GG2,1000000,371654
UGX_4BZN,2430,515
UHX_4CMG,50,12
UI2_1SQO,48,20
UI3_4FUI,32,30
UIB_1YPJ,511104,2533
UIP_1YPE,1000000,3877
UIR_1Y3V,1000000,4399
UJ6_4CGF,5808,268
UL4_4TQN,96,97
UMP_4GT9,1188,1751
UN4_1H0V,99,106
U32_2BTS,48,95
U3P_1O0N,1188,1619
U3S_3D6Q,17820,519
U5P_3EWY,1188,2254
U63_4V20,2025,53
U6M_3WJW,1188,1884
U7E_5A6N,12,11
UA1_2I4G,3456,3562
UA2_4I72,66,61
UA4_2I4Q,77760,1796
UA5_2I5X,16,10
UAD_3OH3,1000000,251215
UB2_3FVP,139968,14856
UBA_2F34,384,522
UBC_2F35,384,480
UBE_2QS3,768,500
UBF_2QS2,384,587
UBW_3T8C,1000000,36717
UC5_2HRM,42768,30108
UCD_2AHG,2700,2177
UCN_1NVQ,198,11
UD4_3BSS,1000000,281842
UD7_4G5H,1000000,376995
V7H_4CF8,1000000,133696
VAE_3RV6,144,271
VAM_2VI0,6075,49
VAO_5A7N,4,44
VAP_3NHK,4,2
VC3_2VCZ,4,2
VCA_5HJ1,1000000,82732
VD4_2O4J,801900,4886
VD5_2O4R,801900,4593
VD9_4WW8,96,31
VDB_2ZLA,1000000,70033
VDM_2JF4,145800,1845
VDN_3B2R,25920,19133
VDO_4F97,874800,25245
VDY_3A51,1000000,2299
VDZ_1RJK,1000000,8166
VFV_4G7G,576,1478
V10_2VBD,31104,6987
V13_4HU1,36,7
V14_4Q09,9720,1243
V15_2V00,24,11
V25_2VAG,12,117
V3L_4N9Z,235224,310733
V4E_5A64,746496,99757
V68_4JBV,6480,6609
W7P_3W7P,96,141
WVH_4C0C,8640,27734
W05_1W06,2592,2028
W07_3W0G,72900,2199
W0I_4D42,3888,398
W19_3W33,112752,34063
W1G_4BNL,144,22
W22_2WKW,348,31
W23_3OMQ,90,90
W2D_4CWQ,88,34
W2E_4BUI,4,3
W2R_3W2S,1399680,68395
W61_3VJM,130680,12367
W74_3W74,288,310
W76_3W76,96,175
W7A_3W71,288,277
W7C_3W7C,48,318
W7D_3W7D,48,344
W7F_3W7E,192,326
W7G_3W7G,96,244
W7H_3W7H,48,156
W7K_3W7K,192,530
W7L_3W7L,192,302
W7O_3W7O,96,203
W7Q_3W7Q,3168,3967
W85_3W85,96,263
W86_3W86,864,601
W8G_4CLH,90,9
W8L_4UVV,2,2
W8Z_3W84,2592,1101
W94_3VJL,522720,18091
W9Z_3ZC5,8,60
WA1_3T4T,16,8
WA2_3T4O,81,95
WAN_3BJC,432,234
WCX_2XNP,4320,53355
WDR_3SVF,270,130
WDU_4WDU,32,117
WDX_4WDX,1620,338
WFE_3MVH,1188,6391
WFF_3WFF,11880,194
WFG_3WFG,11880,106
WH6_2R9X,6336,11896
WHF_2YHU,48,204
WHU_2YNG,192,17265
WI2_2XKE,720,312
WJ1_4E02,24,15
WLH_5AL4,1350,23
WLL_3WV3,32,152
ZYW_2WMW,180,34
Z02_3R7V,12,122
Z04_3R7Y,1620,2080
Z12_3FUR,192,375
Z14_3R83,1620,2517
Z15_3S0J,90,11
Z17_4D9P,24,32
Z19_3R8M,2,2
Z21_4C37,4,4
Z2T_3NP9,180,25
Z3R_4AU8,6,7
Z46_3R8P,270,19
Z48_3I4B,1152,1025
Z57_3NPA,90,12
Z64_3HZ5,2592,1712
Z67_3R9H,96,477
Z68_3R9N,720,1234
Z71_3R9O,96,511
Z79_3LK8,64,402
Z81_3LHG,2200,60
Z82_3Q3M,2,1
Z83_3LFF,15360,572
Z99_3KS9,3240,406
ZAA_3BC5,138240,23751
ZAH_2BKL,1056,13349
ZAN_3UPQ,1000000,279054
ZBF_4OPN,31104,339789
ZEA_3T4L,27,55
ZEC_1ZFQ,2,2
ZEN_1V2K,10800,11965
ZH2_3PS1,12,9526
ZIP_3T4J,18,26
ZMA_4EIY,648,367
ZMR_3B7E,19440,3191
ZO9_4C36,12,9
ZOL_4KFA,126,123
ZOM_3R8H,40,164
ZOO_3OOZ,9900,9829
ZPA_3WQ6,1000000,48617
ZT0_3ZT0,1000000,19923
ZT2_3ZT2,2904,77
ZT4_3ZT3,2904,88
ZVU_4BFU,3456,5185
ZVV_4BFV,15552,20604
ZRG_3CHC,432,535
ZRK_3ZRK,2,1
ZS4_2WXL,8100,696
ZST_2FZ8,80,666
ZSV_3ZSV,1000000,258687
ZSW_3ZSW,1000000,197442
0N5_4E1K,96,391
0N6_4E47,15840,44488
0NH_4E4L,180,156
0NJ_4E5D,4,2
0NL_4E4N,198,267
0NP_4EAD,1188,306
0NR_4E73,192,324
0NS_4E96,360,503
0NT_4E5W,23760,2322
0NU_4E6D,720,876
6CP_1H1R,1620,2175
6CR_4DAE,198,76
6CS_2VPO,120,8
6DJ_3WF4,8910,82
6F0_4OWO,4,4
6GO_3FO6,1,1
6IP_2OHP,24,20
6J0_4D33,69984,7401
6LV_4CWN,12,34
6MD_4LMP,198,98
AIC_3NDV,1056,560
AIR_4S28,1188,1446
AJ1_4AJ1,24,6
AJ6_4J21,4,4
AJ8_4J3M,8,8
AJD_3JUQ,180,164
AJH_3EIO,200448,119310
AJZ_3LS8,90,35
AK1_3D14,1152,5358
AK6_3DJ6,3072,4329
ERG_1ZHZ,1000000,372
ESE_4PPS,330,21
ESH_2CF8,511104,1984
ESI_1C5R,8,3
ESJ_4D1X,528,63
ESM_1LHW,2475,6
ESX_1C5S,8,2
ET1_3ET2,768,452
ETE_4KLX,531441,3958
ETS_4M2W,540,18
F95_4QAG,20,13
F98_3AUA,216,150
F9F_4HT3,1728,9835
FA0_4N5V,2,2
FA1_3N7A,60,20
FA3_1V1J,60,18
FB1_2WEH,3,3
FB2_4YX4,2,2
FB4_3LT4,9,12
FBD_3D7D,55296,17583
G73_4I2P,576,5910
G7A_5DUF,720,199
G7G_5AKV,480,153
G7P_2WF7,810,81
G8M_4G8M,144,29
G9D_3KI0,15660,52
G9G_3KI2,30,27
G9H_3KI3,348,5
G9I_3KI7,91872,1712
G9M_3KI5,47520,2672
G9P_3KI4,450,25
G9W_5C5Q,45,5
GA2_4DA6,36,35
GA4_2ZSI,88,13
GAB_2PQF,2,2
GAE_3HPF,432,294
GAP_4OXI,14256,16811
GAR_4ZZ1,396,2510
GAT_1EFI,90,15
GB1_2F18,14256,413
GB7_3DDG,14256,606
GC2_4C7F,165,18
GC3_4AIU,2970,35
GIG_2OH4,1024,1484
GIM_2CEQ,45,2
GIN_2HZ0,864,1946
GJZ_3MDR,2,1
GK1_2ZAZ,18,147
GK5_3D7Z,144,70
GK6_3D83,17280,4274
GKK_3HQ5,2376,5099
GL8_1W4L,1000000,46921
GLF_3SCS,45,5
GLN_4G4P,36,39
GLP_2Z75,270,43
GLR_1JDF,288,327
GLS_1A8I,495,32
GM6_2DW0,1944,3214
GMF_4B0Q,2304,448
GN1_4RGG,270,37
K66_3KXH,72,15
K68_3PVG,12,13
K78_5AI9,10368,467
K80_4JFU,44,12
K88_2WEL,3960,303
K99_2XZK,810,57
K9S_4ABB,4,2
K9Y_4K9Y,4608,97
KAF_3BKK,7776,4517
KAO_4KAO,4608,275
KAW_3BKL,15552,13189
KCH_5A7Q,4,5
KDG_3P93,216,150
KDH_3NG5,120,536
KDM_2XZI,810,51
KDO_4PF6,270,19
KEL_3B7U,216,154
KFN_2XZJ,1620,442
KGG_4B78,19800,999
KGW_4BRX,1080,4927
PX9_4Y0Q,262440,4058
PXG_3ZRR,3456,2499
PXI_2CD8,1000000,896
PXL_3MBH,16,3
PXM_2Z9V,16,2
PXP_3O6D,288,83
PY9_3EKR,44,648
PYI_3D2V,20736,13711
PYU_3EKO,2,2
PYV_3OJI,48,514
VGA_2W4I,2784,304
VGB_2WB5,1080,99
VGC_2WCX,240,31
VGF_2WD8,16,11
VGG_2WEI,8,29
VGI_2WHO,540,61
VGK_2WQO,96,263
VHD_2XAB,44,244
VHI_3VHI,470448,1097
VIB_3RLB,96,77
2TP_2C3U,124416,28201
2TW_4OBA,466560,9859
342_2ORT,23760,6346
346_2BZ6,101376,37087
348_2CF9,1000000,2555
34F_2Y1F,432,335
34O_3F7Z,1056,1211
34U_4QMQ,43740,1366
355_4TOS,8640,2976
358_1OVE,3600,1033
3UL_4WUA,360,59
3UW_4RRN,19800,84
3UX_4RRO,19800,90
3VD_4WWO,24,343
3VL_4WXH,182250,276
3VO_4WY1,1350,32
3VS_4WYC,12,3
3VW_4WYE,90,20
3VY_4WXP,20,11
3W4_4A7B,480,20700
3W6_4RUY,36,10
3W7_4WZ8,16200,1877
3X1_4WWZ,13122,1156
3XC_3NLY,513216,23695
3XO_4X5R,21600,39246
3XS_4LS2,576,1029
3XV_4X60,43740,25341
3XY_4X5Z,12960,35804
3YF_4ZZ1,20736,11404
3YG_4ZZ2,41472,16877
53H_3COY,28512,26514
53R_3F0U,24,1067
53S_3EEK,24,1218
53T_3EEL,24,1445
53U_2ZFF,4224,16036
540_3SN7,2,5
542_3HVH,21384,41894
549_5CI9,12,4
54H_3COZ,28512,37077
54M_4B77,6600,477
A63_4L10,4,1
A64_4BS4,4,1
A68_3SA9,93312,32617
A6K_4CGL,9504,14969
A73_4KZU,2,1
A7B_3NHY,1,1
A8B_1ODC,1000000,37823
A8V_4ZHK,9720,675
A9N_4A9N,24,20
A9O_4A9O,8,3
AD6_2VGP,24,55
AD8_3CZY,36,14
ADN_3UAW,198,61
ADP_2CNQ,42768,47197
AE4_2C2N,1000000,63481
AEF_4N7C,6,1
AEJ_1XQC,54000,3425
AES_3N33,12,3
AF8_3SAC,15552,20001
AFO_3PTY,72171,2961
DSZ_3TLB,114048,137172
DT5_2C6M,720,1454
DTB_3RDQ,10692,787
EP4_4EK9,1188,158
EPA_3HS6,1000000,47276
EPB_1Q5D,1000000,14680
EPK_4Y2B,144,28
EQN_3KMR,240,22
ER4_3WCM,1944,8599
ERD_2NNL,60,45
F63_3PB5,96,29
F69_3P10,8,7
F6F_4ZQC,648,252
F6R_2BKX,648,467
F70_4L33,12,380
F71_3SA6,46656,38738
F72_3SA4,77760,30544
F76_3WF8,5568,973
F83_2G8N,720,985
F91_3PI0,180,54
GVJ_2UVZ,64,19
GVK_2UW0,1500,560
GVN_2UW5,72,40
GVP_2UW9,2250,101
GVQ_2UW8,12,3
GVR_4ISA,48,299
GWX_4UIB,87480,12425
GYR_4V24,57024,75397
GYU_4AML,405,36
GZ2_3G2Z,1080,43
N6T_4RT2,1000000,203341
N76_1OIU,3240,6087
N7F_4A5S,2880,15863
N7I_4EVI,6,5
N7O_3N7O,432,351
N85_3ZCV,180,659
N8M_3H0W,1188,133
N8P_4AYU,88,43
NAL_1ZH0,24,12
NAR_1EYQ,60,23
NDD_1U4O,3,3
NEA_2IH2,9504,1168
NEC_1QY5,396,392
NEU_5F3M,36,14
NF5_4D2W,232,154
NFA_2EFX,12,7
NFG_1UYQ,1080,566
NFH_1GKC,1944,737
NFL_2WM3,24,96
NFW_4CES,1000000,189553
076_3TOF,23328,29513
077_2WO8,1296,318
079_3TOG,69984,45785
07N_3TTZ,360,2064
07U_3TXO,18,35
07V_3TXZ,180,11
082_3TY0,2112,325
085_3TZM,1100,179
087_3U2K,120,928
08B_3U2D,540,2057
0LH_3V1S,6,2
0LI_3ZOS,8640,79435
0LM_4DKO,60,1674
0LQ_4GB2,34650,1148
0LR_4GJ5,180,760
0LU_4GJ8,26730,376
0LX_4DV8,1000000,15996
0M4_4DVW,4356,3357
0MN_4DW6,192,333
0N2_4E33,1000000,183619
A9P_4ALH,2,2
AA0_4AA0,43200,52066
AAM_1JHA,1188,1857
AAT_2I7C,1000000,44217
AAX_1Y6B,10368,18197
AB3_3BHJ,4,4
AB4_2BZ5,48,93
AB8_1XDG,1000000,229487
ABL_1NAA,2025,860
ABQ_3RWP,3168,14878
ABY_1PL1,20736,6310
AC6_5CQ8,2,1
ACD_4QWT,1000000,64710
ACJ_3NKS,144,431
ACK_2YPE,2178,21
ACP_3T10,1000000,268682
ACV_1BK0,7776,4250
ACW_2IVI,7776,6799
AD0_2UVF,3600,141
AD3_1HP0,198,59
AG0_3FRZ,1069200,45158
AGI_5AUV,2,1
AGK_4UFI,45,8
AGP_2ZJ4,1458,563
AGS_2OZE,1000000,288565
AGV_4I71,792,197
AH0_4MO5,4,23
AHB_2OG7,24,24
AHN_3PB8,36,23
AHZ_1RP0,1000000,443569
GTB_2YCD,82944,23932
GTI_3U0X,540,32
GTP_4QG1,1000000,280085
GTQ_4E3D,2,2
GTS_1A0F,3888,5176
GTX_1K3L,1000000,64754
GTZ_1JZ6,45,2
GU7_1FXU,1296,109
GVF_2UVM,10440,1789
GVI_2UVY,48,4
KH3_3VV0,1000000,237134
KIM_3CJG,288,1598
KJ2_2BRE,1350,209
KK3_4QAC,60,33
KKA_4BB3,3888,1776
KLG_3RTS,288,1436
KLI_3UDL,2880,42566
KLJ_4GUY,576,2275
KLW_4KLW,4,5
KMH_2Y7F,192,116
PU8_1UYD,576,690
PU9_1UYE,576,8436
PUP_4OAV,1000000,284940
PUW_4A8H,2916,591
PUZ_1UYI,288,5248
PV4_4BNF,72,19
PV8_4MPE,66,302
PVP_4IKR,1620,636
PW1_4B76,32,14
PWU_5AP6,192,600
054_3SKE,48,110
05B_3R1N,9900,909
064_3DCT,768,2741
08C_4BU9,4,1
08E_3U4O,16,41
08H_3U5J,116,11
08J_3U5K,348,17
08K_3U5L,116,4
08W_3UA8,432,178
08Z_3RK7,96,790
0NV_4E6Q,1080,326
0NY_4NPW,72,263
0O4_4EE0,6480,3056
0O5_4EDZ,6480,2771
0O7_4EBV,180,14
0OE_4E91,4320,2003
35F_3E7O,64,65
35K_4QF9,72,36
35O_4QGE,19008,5804
35S_4QO4,69120,33199
35X_4QP9,48,13
361_3HAC,30,22
363_4QP7,2,1
36A_3P8Z,684288,260740
3YH_3V13,9216,3334
3YO_4RX5,4320,42635
3YR_4XHK,352,5510
3YS_4X7I,3960,1037
54W_5CUC,18,10
54X_5CTU,2,3
54Y_5CUE,5,3
550_3EDZ,1152,4161
696_1O3G,64,18
698_2JC1,152064,11576
699_2JC0,38016,16633
6AD_4PXZ,256608,82599
6C6_4KXL,78408,27529
6MR_2OW0,1152,1515
6N0_5AKE,1320,83
6N4_5AKJ,48,14
6NF_5AKI,1620,154
6NH_2FLB,64,34
6NM_5AKH,25,25
AKG_4GJZ,96,107
ALJ_1W1V,53460,289
ALR_1AZ1,60,3
AM1_1M5E,96,83
AZY_2YXN,144,72
BLF_4DIJ,162000,35316
BLG_1D0L,481140,283201
BLS_2Z3I,155520,166022
CT5_2BRC,1500,145
CT6_2C68,72,104
CT8_2C69,72,120
ETV_2NO6,198,40
EVE_3S72,3,2
EVP_5CDP,816750,284
EWQ_3NFR,2,1
EXI_4UGY,3456,317
EZL_3DD0,12,5
EZT_2P15,89100,285
EZV_3F5X,540,1073
FBF_3PCW,8,2
FBP_4IP7,3564,18659
FBV_2WEG,3,5
FBW_2WEO,2,4
FC2_2EVM,4,4
G15_2J94,10560,104069
G17_4I5H,192,129
G1P_2WF8,270,30
G3R_4CWS,792,78
G3X_3I6M,1000000,1398
G58_3L0E,2304,6864
G5A_3HY0,9504,14308
G6A_3E92,8,16
G6I_4EQU,6912,9595
G6P_2WF9,270,57
G6Q_1X9I,972,573
G6X_3I6Z,1000000,33398
GN5_5AL1,240,25
GNG_2ZI7,198,51
GNH_3W6N,42768,36982
GNP_4DLS,1000000,275828
GO0_3N5H,40,42
GOH_5AOK,12,6
GOM_1N78,769824,220354
GOO_3DX4,33,5
GS6_2J34,7920,36600
GS8_4CHS,5184,3308
GSH_3EIN,1296,1241
JK5_3SVP,513216,51398
JKF_3TIK,2250,94
JKK_4XHX,648,280
JL9_5AL5,16200,517
KMN_5A7B,272160,28813
NAY_1F74,5832,3311
NB1_2J4G,8910,81
NBB_3D73,144,65
NBG_3DDS,45,5
NBH_4NIE,622080,10964
NBV_2V3D,2430,85
NC8_3T6I,501120,167778
NCD_4C6N,48,94
NCN_1L5O,2376,7346
NFZ_1YKI,72,19
NG2_4O91,466560,103903
NGB_4M82,24300,658
PYW_4BII,595764,2803
PZB_4G48,36,78
UN5_2F6Z,23040,214304
UN6_2F70,3072,5113
UN7_2F71,5760,92910
GSK_2CJI,5280,38809
GSP_4TMV,1000000,283266
GST_3VC1,139968,14759
GSU_3AFH,342144,201247
GSX_2J95,15840,93636
GSZ_2J62,3240,127
PTJ_3WDK,769824,364180
PTQ_3OGV,4320,361
PTR_4F5B,864,230
PU3_1UY6,144,302
PU4_1UY7,144,43
PU6_1UY9,792,51
VG3_2VIY,1000000,159802
N5C_3BSN,1000000,389821
N5F_3CBF,1000000,65830
N5N_4AX9,103680,89209
N5O_2HG1,1188,1065
N61_4EYJ,2048,97
N69_1W8C,270,91
N6M_2XO1,1,2
N6P_4P5E,4752,27324
G2M_3JPR,1000000,215390
G2P_3Q23,1000000,259473
G39_4K1K,360,770
NCQ_3EUM,2210148,118996
0L7_4DFP,1000000,445521
0LD_4GEB,5184,9107
03K_4EK5,32,15
03U_3U2O,192,1751
03X_3U6J,432,2176
03Z_3RAK,96,632
044_3U6I,5184,1917
04L_3PJ3,768,809
04Z_3RAL,192,1120
053_3SKA,16,49
068_2WO9,2592,695
06F_3UVR,89088,1751
06J_3R92,1000000,128
06P_3QTV,4224,16633
06T_3RKZ,992940,368
06Z_3RJC,48,435
2TH_2GJ4,22,417
3JK_4W9D,8448,16089
3JL_4R4J,576,957
3JM_4R54,192,402
3JU_4W9F,8448,17247
3K0_4W9Y,288,381
3K9_3WYM,864,241
3KE_3KEC,1536,1453
532_3S7M,3300,136
533_3FMH,972,2278
538_3KMG,768,968
53C_5CQ4,2,2
A62_4CYP,9504,17794
AZ5_2XA4,2592,1689
AZ6_4JPA,71280,76258
AZM_1JD0,8,8
AZN_1OAR,45,3
BJG_4D1S,5760,27035
BJZ_3M6F,3872,19722
BK1_3I7B,96,60
BK2_3I7C,4,4
BK3_3MWU,1440,1484
BK4_3T3V,48,9
BL7_3BZ9,660,14
BLA_3F0L,1000000,31566
BM3_2YHW,45,7
BMI_2OJ9,72,466
CSN_3U96,24,28
DSD_3FMF,2916,1329
DSK_3L4U,72171,21057
DSM_2QB4,4698,25
F5N_3PM4,40,59
G11_3IPH,72,101
G14_2XP4,4,2
G3H_2CLK,36,50
GRX_4C4S,810,36
JJ3_2JJ3,23760,76
VIV_1R5L,1000000,24945
VJ6_4JQL,1000000,17067
VJJ_3UWE,32,18
VJP_4URZ,120,45
VL4_4CER,1000000,136450
VM1_3JS2,4,5
VMY_4BQP,7200,6616
K2D_3O9F,1000000,-1
N4I_3QPJ,50688,-1
K14_3O9A,1000000,-1
JJX_5A0B,345600,-1
W32_3W32,451008,-1
VG6_2VJ7,1000000,-1
VG5_2XFJ,1000000,-1
NK8_3QRS,101376,-1
046_3UGC,1000000,-1
VG0_2VIE,1000000,-1
840_3I8P,2160,-1
A60_3O9E,1000000,-1
AM2_2OE5,455625,-1
AZ4_4JP4,1399680,-1
419_3F7H,156816,-1
VG7_2VJ9,1000000,144939
JHZ_4E2W,1000000,261311
6CF_4F5N,1000000,271441
K2B_2X5W,1000000,259
JI4_3JWS,1000000,19742
JI3_3DQS,1000000,7217
VNT_4G3J,96,188
K5E_3K5E,1800,45
JI1_3B3M,42768,549
JIN_2HZI,24,92
K2Q_4BQS,2,4
JI2_3B3N,14256,185
VII_2GFK,10,3
CS9_2QMF,598752,-1
D32_3GZ9,3456,-1
DS5_3W0A,291600,-1
F53_3O9G,1000000,-1
G08_4NJS,627264,-1
G0G_2PQZ,5808,-1
G3G_2R3W,5808,-1
G72_3O1D,1000000,-1
GRL_2HB3,627264,-1
GSJ_2J4I,33792,-1
IH4_2BJU,1000000,-1
JHG_3QBF,456192,-1
K2A_3O9B,1000000,-1
VNL_4L6D,2,4
G0T_4CEO,1000000,179621
CT3_3NDZ,91125,441
CSG_3H5X,1000000,241552
DS6_3AZ3,1000000,68568
DSO_3P6N,1000000,43310
G3D_1ZJ6,256608,245713
G2C_3JPN,1000000,295786
52W_5CON,855360,-1
965_3IPQ,1000000,-1
0KJ_4DJR,769824,-1
03I_3U1Y,1000000,-1
0R5_4ELT,1000000,-1
1M3_4JI9,51840,-1
2TA_4OGJ,1000000,-1
38Z_4QTB,760320,-1
3JH_4W9J,76032,-1
3JJ_4W9L,25344,-1
3QG_4RHY,1000000,-1
3UJ_4WUY,1000000,-1
BJC_3K5G,1000000,-1
CJ5_4J8M,152064,-1
065_2QD7,1000000,192508
